,Region,Site,Filename,Start.freq,End.freq,Min.freq,Max.freq,Delta.freq,Duration,Extrema,sqrtStart.freq,sqrtEnd.freq,sqrtDelta.freq,logDuration,logExt,sqrtMin,sqrtMax
1,Coastal,2,20160729_231703.601,4800,5109.7,3522.6,5109.7,1587.1,0.731,3,69.2820323,71.48216561,39.83842366,-0.313341819,1.098612289,59.35149535,71.48216561
2,Coastal,2,20160730_011125.975,2129,2322.6,1935.5,4954.8,3019.3,1.406,4,46.14108798,48.19336054,54.94815738,0.340748793,1.386294361,43.99431781,70.39034025
3,Coastal,2,20160730_011127.310,4899.6,4680.6,1970.8,4981.7,3010.9,1.483,6,69.9971428,68.41491066,54.87166846,0.394067063,1.791759469,44.39369325,70.58115896
4,Coastal,2,20160731_230002.515,5264.5,8129,3290.3,8554.8,5264.5,2.052,7,72.55687424,90.16096716,72.55687424,0.718814927,1.945910149,57.36113667,92.49216183
5,Coastal,2,20160802_000019.122,1858.1,4451.6,1664.5,5690.3,4025.8,2.106,4,43.10568408,66.72031175,63.44919227,0.744790414,1.386294361,40.79828428,75.43407718
6,Coastal,2,20160804_230341.325,5225.8,2012.9,1741.9,5767.7,4025.8,4.42,7,72.28969498,44.86535412,63.44919227,1.486139696,1.945910149,41.73607552,75.94537511
7,Coastal,2,20160815_220048.975,2438.7,2012.9,2012.9,8012.9,6000,1.59,3,49.38319552,44.86535412,77.45966692,0.463734016,1.098612289,44.86535412,89.51480325
8,Coastal,2,20160815_220134.034,1780.6,1896.8,1780.6,5883.9,4103.3,2.234,3,42.1971563,43.55226745,64.05700586,0.803793701,1.098612289,42.1971563,76.70658381
9,Coastal,2,20160815_220956.677,3483.9,2245.2,2361.3,4025.8,1664.5,1.601,8,59.02457115,47.38354145,40.79828428,0.470628434,2.079441542,48.5932094,63.44919227
10,Coastal,2,20160817_230021.071,5419.4,3987.1,3987.1,5961.3,1974.2,1.004,3,73.61657422,63.14348739,44.43197047,0.003992021,1.098612289,63.14348739,77.20945538
11,Coastal,2,20160818_230623.114,6038.7,1974.2,1974.2,6154.8,4180.6,1.23,4,77.70907283,44.43197047,64.6575595,0.207014169,1.386294361,44.43197047,78.45253342
12,Coastal,2,20160819_001013.250,4916.1,2748.4,2477.4,5187.1,2709.7,1.113,9,70.11490569,52.42518479,52.05477884,0.107059072,2.197224577,49.77348692,72.02152456
13,Coastal,2,20160822_180028.753,7741.9,2477.4,1974.2,8361.3,6387.1,2.398,9,87.98806737,49.77348692,79.91933433,0.874635057,2.197224577,44.43197047,91.44014436
14,Coastal,2,20160822_181543.684,2283.9,3483.9,2167.7,9135.5,6967.8,3.449,7,47.79016635,59.02457115,83.47334904,1.238084334,1.945910149,46.55856527,95.57980958
15,Coastal,2,20160824_231656.635,4838.7,2903.2,2012.9,5574.2,3561.3,2.09,7,69.5607648,53.88135113,59.67662859,0.737164066,1.945910149,44.86535412,74.66056523
16,Coastal,2,20160904_000626.472,2787.1,2400,2051.6,7393.5,5341.9,2.69,8,52.79299196,48.98979486,73.08830276,0.989541194,2.079441542,45.29459129,85.98546389
17,Coastal,2,20170111_001025,12503.2,7006.5,7006.5,14748.4,7741.9,0.939,5,111.8177088,83.70483857,87.98806737,-0.0629398,1.609437912,83.70483857,121.4429907
18,Coastal,2,20170112_231715,21793.5,8593.5,8593.5,22296.8,13703.3,0.874,5,147.6262172,92.70113268,117.0610952,-0.134674903,1.609437912,92.70113268,149.3211305
19,Coastal,2,20170115_190834,7587.1,10374.2,7587.1,16296.8,8709.7,1.813,3,87.10396087,101.8538168,93.3257735,0.594982932,1.098612289,87.10396087,127.6589206
20,Coastal,2,20170116_030612,16000,11677.4,6129,16000,9871,0.986,3,126.4911064,108.0620192,99.35290635,-0.014098924,1.098612289,78.2879301,126.4911064
21,Coastal,2,20170117_011737,15130.4,8428.1,8066.9,15130.4,7063.5,0.597,6,123.0056909,91.80468398,84.044631,-0.515838166,1.791759469,89.81592286,123.0056909
22,Coastal,2,20170119_221027,9391.3,10434.8,9391.3,18020.1,8628.8,1.611,5,96.90871994,102.1508688,92.89133436,0.476855104,1.609437912,96.90871994,134.238966
23,Coastal,2,20170120_051732,13966.6,8829.4,8829.4,13966.6,5137.2,1.156,2,118.1803706,93.96488706,71.67426316,0.14496577,0.693147181,93.96488706,118.1803706
24,Coastal,2,20170121_030619,14729.1,12171.4,7986.6,14729.1,6742.5,1.013,7,121.3635036,110.3240681,82.11272739,0.012916225,1.945910149,89.36777943,121.3635036
25,Coastal,2,20170129_210758,11919.7,8347.8,5819.4,16976.6,11157.2,1.297,7,109.1773786,91.36629576,105.6276479,0.260053905,1.945910149,76.28499197,130.2942823
26,Coastal,2,20170131_211919,12923.1,13886.3,8388,13886.3,5498.3,1.19,7,113.6798135,117.840146,74.15052259,0.173953307,1.945910149,91.58602513,117.840146
27,Coastal,2,20170202_041521,20668.9,8521.3,7505,20668.9,13163.9,1.036,5,143.7668251,92.31088777,114.7340403,0.035367144,1.609437912,86.63140308,143.7668251
28,Coastal,2,20170206_170211,8107,11317.7,6421.4,15491.6,9070.2,1.317,5,90.03888049,106.3846793,95.23759762,0.275356423,1.609437912,80.13363838,124.4652562
29,Coastal,2,20170206_170522,12642.1,18662.2,12642.1,18792.3,6150.2,1.378,6,112.4370935,136.6096629,78.42321085,0.320633173,1.791759469,112.4370935,137.0850101
30,Coastal,2,20170220_041932,5618.7,9190.6,5618.7,14408,8789.3,1.429,4,74.95798823,95.86761706,93.75126666,0.356974899,1.386294361,74.95798823,120.0333287
31,Coastal,2,20170228_001055,12682.3,17859.5,7986.6,17859.5,9872.9,1.392,3,112.6157183,133.6394403,99.36246776,0.330741562,1.098612289,89.36777943,133.6394403
32,Coastal,2,20170308_071621,13765.9,12521.7,8949.8,18461.5,9511.7,1.698,7,117.3281722,111.9004021,97.52794471,0.529451088,1.945910149,94.6033826,135.8731026
33,Coastal,2,20170310_061906,11799.3,15812.7,10474.9,18421.4,7946.5,1.119,7,108.6245829,125.7485586,89.14314331,0.112435429,1.945910149,102.3469589,135.7254582
34,Coastal,2,20170621_231834,4214,13926.4,4214,13926.4,9712.4,0.554,2,64.91532947,118.0101691,98.55150937,-0.590590592,0.693147181,64.91532947,118.0101691
35,Coastal,2,20170622_221811,6381.3,11317.7,6381.3,15090.3,8709,1.176,4,79.8830395,106.3846793,93.32202312,0.162118849,1.386294361,79.8830395,122.8425822
36,Coastal,2,20170626_210632,10755.9,4976.6,4414.7,12401.3,7986.6,1.26,5,103.7106552,70.54502109,89.36777943,0.231111721,1.609437912,66.44320883,111.3611243
37,Coastal,2,20170701_231440,7665.6,5779.3,5779.3,22515.1,16735.8,0.59,5,87.55341227,76.02170743,129.36692,-0.527632742,1.609437912,76.02170743,150.0503249
38,Coastal,2,20170702_230855,5979.9,4735.8,4735.8,12361.2,7625.4,1.089,7,77.32981314,68.81714903,87.32353635,0.085259844,1.945910149,68.81714903,111.1809336
39,Coastal,2,20170706_040645,6060.2,5097,4414.7,11157.2,6742.5,0.992,7,77.8472864,71.39327699,82.11272739,-0.008032172,1.945910149,66.44320883,105.6276479
40,Coastal,2,20170720_200648,8227.4,6461.5,6461.5,12240.8,5779.3,0.827,5,90.7050164,80.38345601,76.02170743,-0.189950584,1.609437912,80.38345601,110.6381489
41,Coastal,2,20170729_020553,8428.1,4454.8,4454.8,13364.5,8909.7,0.581,5,91.80468398,66.74428815,94.39120722,-0.543004522,1.609437912,66.74428815,115.6049307
42,Coastal,2,20170730_230627,8588.6,4414.7,4414.7,11518.4,7103.7,0.918,5,92.67469989,66.44320883,84.28345033,-0.085557888,1.609437912,66.44320883,107.3238091
43,Coastal,2,20170730_231346,10515.1,7906.4,6260.9,11719.1,5458.2,1.034,7,102.5431616,88.9179397,73.87963183,0.033434776,1.945910149,79.12584913,108.254792
44,Coastal,2,20170801_220624,10354.5,7545.2,4615.4,10354.5,5739.1,1.399,8,101.7570636,86.8631107,75.75684788,0.335757696,2.079441542,67.93673528,101.7570636
45,Coastal,2,20170809_191947,7103.7,12280.9,6220.7,12481.6,6260.9,0.751,5,84.28345033,110.8192222,79.12584913,-0.286349627,1.609437912,78.87141434,111.7210813
46,Coastal,2,20170816_171514,6180.6,7183.9,6180.6,13444.8,7264.2,0.995,6,78.6167921,84.75789049,85.23027631,-0.005012542,1.791759469,78.6167921,115.9517141
47,Coastal,2,20170816_171553,6301,6782.6,6581.9,14729.1,8147.2,0.791,6,79.37883849,82.35654194,90.26184133,-0.234457311,1.791759469,81.12890977,121.3635036
48,Coastal,2,20170816_180315,3852.8,5137.1,3852.8,16013.4,12160.6,0.901,5,62.07092717,71.67356556,110.2751105,-0.104250021,1.609437912,62.07092717,126.5440635
49,Coastal,2,A5C.01.ch01.180713.233051.27,4976.6,6702.3,4976.6,10073.6,5097,0.758,3,70.54502109,81.867576,71.39327699,-0.277071893,1.098612289,70.54502109,100.3673254
50,Coastal,2,A5C.01.ch01.180714.014630.76,5578.6,4214,4214,7906.4,3692.4,0.512,3,74.69002611,64.91532947,60.76512157,-0.669430654,1.098612289,64.91532947,88.9179397
51,Coastal,2,A5C.01.ch01.180725.221719.01,4575.3,3250.8,3250.8,9471.6,6220.8,0.921,8,67.64096392,57.01578729,78.87204828,-0.082295243,2.079441542,57.01578729,97.32214548
52,Coastal,2,A5C.01.ch01.180802.223303.71,8628.8,5377.9,5377.9,12120.4,6742.5,0.619,3,92.89133436,73.33416666,82.11272739,-0.479650006,1.098612289,73.33416666,110.0926882
53,Coastal,2,A5C.01.ch01.180815.210216.68,14207.4,8548.5,8066.9,15130.4,7063.5,0.843,4,119.1947985,92.45809862,84.044631,-0.170788321,1.386294361,89.81592286,123.0056909
54,Coastal,2,A5C.01.ch01.180901.134553.82,4374.6,7063.5,4374.6,7063.5,2688.9,0.613,2,66.14075899,84.044631,51.85460442,-0.489390343,0.693147181,66.14075899,84.044631
55,Coastal,2,A5C.01.ch01.180909.033007.85,6903,11277.6,6903,11277.6,4374.6,0.792,4,83.08429454,106.1960451,66.14075899,-0.233193887,1.386294361,83.08429454,106.1960451
56,Coastal,2,A5C.01.ch01.180918.221811.57,4374.6,21872.9,4374.6,21872.9,17498.3,0.354,2,66.14075899,147.8948951,132.28114,-1.038458366,0.693147181,66.14075899,147.8948951
57,Coastal,2,A5C.01.ch01.180920.014527.73,10916.4,18100.3,7023.4,18100.3,11076.9,0.421,3,104.4815773,134.5373554,105.2468527,-0.865122445,1.098612289,83.80572773,134.5373554
58,Coastal,2,A5C.01.ch01.180920.194652.73,4294.3,9752.5,4294.3,9752.5,5458.2,0.338,2,65.53090874,98.75474672,73.87963183,-1.084709383,0.693147181,65.53090874,98.75474672
59,Coastal,2,A5C.01.ch01.180927.220006.51,6383,14421.8,6383,14421.8,8038.8,0.343,2,79.89367935,120.090799,89.65935534,-1.070024832,0.693147181,79.89367935,120.090799
60,Coastal,2,A5C.01.ch01.180927.221916.01,8531.2,10265.6,6421.9,10265.6,3843.7,0.231,3,92.36449534,101.3192973,61.9975806,-1.465337568,1.098612289,80.13675811,101.3192973
61,Coastal,2,A5C.01.ch01.181112.051630.04,10555.2,8227.4,5939.8,10555.2,4615.4,0.984,3,102.738503,90.7050164,67.93673528,-0.016129382,1.098612289,77.07009796,102.738503
62,Coastal,2,A5C.01.ch01.181118.160223.47,19424.7,18662.2,12963.2,19424.7,6461.5,1.29,3,139.3725224,136.6096629,80.38345601,0.254642218,1.098612289,113.8560495,139.3725224
63,Coastal,2,A5C.01.ch01.181126.020018.77,4254.2,14648.8,4254.2,14648.8,10394.6,0.965,2,65.22422863,121.0322271,101.9539112,-0.035627178,0.693147181,65.22422863,121.0322271
64,Coastal,2,A5C.01.ch01.181126.024518.28,9431.4,9270.9,7464.9,9913,2448.1,0.965,5,97.11539528,96.28551293,49.47827806,-0.035627178,1.609437912,86.39965278,99.56404974
65,Coastal,2,A5C.01.ch01.181202.090039.22,12240.8,9431.4,7464.9,12240.8,4775.9,0.402,3,110.6381489,97.11539528,69.10788667,-0.91130319,1.098612289,86.39965278,110.6381489
66,Coastal,2,A5C.01.ch01.181202.103133.90,15331.1,14448.2,12441.5,19183.9,6742.4,1.282,6,123.8188192,120.2006656,82.11211847,0.248421358,1.791759469,111.5414721,138.5059566
67,Coastal,2,A5C.02.ch01.180727.063400.36,8949.8,11237.5,6903,11237.5,4334.5,0.884,3,94.6033826,106.0070752,65.83691973,-0.123298216,1.098612289,83.08429454,106.0070752
68,Coastal,2,A5C.02.ch01.180729.211804.62,6822.7,6782.6,6782.6,10996.7,4214.1,0.782,3,82.5996368,82.35654194,64.9160997,-0.245900538,1.098612289,82.35654194,104.8651515
69,Coastal,2,A5C.02.ch01.180729.214628.26,4214,19906.4,4214,21030.1,16816.1,0.91,4,64.91532947,141.0900422,129.6769062,-0.094310679,1.386294361,64.91532947,145.0175851
70,Coastal,2,A5C.02.ch01.180730.023252.55,9230.8,4575.3,4575.3,9230.8,4655.5,1.015,2,96.07705241,67.64096392,68.23122452,0.014888612,0.693147181,67.64096392,96.07705241
71,Coastal,2,A5C.02.ch01.181013.061535.90,6782.6,4774.9,4774.9,10434.8,5659.9,0.798,5,82.35654194,69.10065123,75.23230689,-0.225646682,1.609437912,69.10065123,102.1508688
72,Coastal,2,A5C.02.ch01.181112.053416.67,11678.9,14488.3,11678.9,14488.3,2809.4,1.331,2,108.0689595,120.3673544,53.00377345,0.285930539,0.693147181,108.0689595,120.3673544
73,Coastal,2,A5C.02.ch01.181118.160233.79,8829.4,10956.5,7545.2,10956.5,3411.3,0.706,5,93.96488706,104.6733013,58.40633527,-0.348140041,1.609437912,86.8631107,104.6733013
74,Coastal,2,A5C.02.ch01.181126.024528.35,11357.9,7585.3,7585.3,11357.9,3772.6,0.93,2,106.5734489,87.09362778,61.42149461,-0.072570693,0.693147181,87.09362778,106.5734489
75,Coastal,2,A5C.02.ch01.181130.171614.19,10876.3,12120.4,8026.8,12120.4,4093.6,1.182,6,104.2895009,110.0926882,63.98124725,0.167207919,1.791759469,89.59241039,110.0926882
76,Coastal,2,A5C.02.ch01.181130.173254.11,11558.5,13244.1,10715.7,20187.3,9471.6,1.438,5,107.5104646,115.0830135,97.32214548,0.363253259,1.609437912,103.5166653,142.0820186
77,Coastal,2,A5C.02.ch01.181202.074845.76,8990,9712.4,6862.9,9712.4,2849.5,0.985,5,94.81561053,98.55150937,53.38070813,-0.015113638,1.609437912,82.84262188,98.55150937
78,Coastal,2,A5C.03.ch01.180730.021848.45,10354.5,4775.9,4775.9,10675.6,5899.7,0.417,4,101.7570636,69.10788667,76.80950462,-0.874669057,1.386294361,69.10788667,103.3227952
79,Coastal,2,A5C.03.ch01.180730.023338.02,10354.5,4535.1,4535.1,10354.5,5819.4,0.571,4,101.7570636,67.3431511,76.28499197,-0.560366069,1.386294361,67.3431511,101.7570636
80,Coastal,2,A5C.03.ch01.181119.000116.48,11357.9,6943.1,6943.1,11357.9,4414.8,1.055,3,106.5734489,83.32526628,66.44396135,0.053540767,1.098612289,83.32526628,106.5734489
81,Coastal,2,A5C.03.ch01.181202.201726.99,13765.9,14729.1,9551.8,14729.1,5177.3,0.772,3,117.3281722,121.3635036,71.95345718,-0.258770729,1.098612289,97.7333106,121.3635036
82,Coastal,2,A5C.03.ch01.181202.203431.75,7063.5,8026.8,7063.5,12682.3,5618.8,1.237,3,84.044631,89.59241039,74.95865527,0.212689093,1.098612289,84.044631,112.6157183
83,Coastal,2,A5C.03.ch01.181203.164704.07,16655.5,9471.6,9471.6,16655.5,7183.9,0.826,2,129.0561893,97.32214548,84.75789049,-0.191160505,0.693147181,97.32214548,129.0561893
84,Coastal,2,A5C.08.ch01.181202.091816.39,20548.5,12160.5,8990,20548.5,11558.5,1.297,5,143.3474799,110.2746571,107.5104646,0.260053905,1.609437912,94.81561053,143.3474799
85,Coastal,2,20160802_000109.165,2032,2521.1,1655.7,6735.5,5079.8,2.436,8,45.07771068,50.21055666,71.27271568,0.89035735,2.079441542,40.69029368,82.07009199
86,Coastal,2,20170129_210743,15751.7,12824.8,5853.7,17028.8,11175.1,1.35,6,125.5057768,113.2466335,105.7123455,0.300104592,1.791759469,76.50947654,130.4944443
87,Coastal,2,20170218_021741,12292.7,11547.7,7450.1,17773.8,10323.7,0.784,4,110.8724492,107.4602252,101.6056101,-0.243346259,1.386294361,86.31396179,133.3184158
88,Coastal,2,20170730_230958,4553.1,3311.3,3311.3,13960.3,10649,1.065,5,67.47666263,57.54389629,103.1939921,0.062974799,1.609437912,57.54389629,118.1537134
89,Coastal,2,20170903_011936,8514.4,15379.2,6758.3,15379.2,8620.9,0.663,3,92.27350649,124.0129026,92.84880182,-0.410980289,1.098612289,82.2088803,124.0129026
90,Coastal,2,A5C.01.ch01.180731.003027.30,8096.4,5494,5494,11891.6,6397.6,0.344,3,89.97999778,74.12152184,79.98499859,-1.067113622,1.098612289,74.12152184,109.048613
91,Coastal,2,A5C.01.ch01.180814.204759.71,7167.4,15203.6,7167.4,15203.6,8036.2,1.294,4,84.66049846,123.3028791,89.64485484,0.257738196,1.386294361,84.66049846,123.3028791
92,Coastal,2,A5C.01.ch01.180924.091626.73,9975.9,12108.4,8566.3,17168.7,8602.4,0.865,8,99.87942731,110.0381752,92.74912399,-0.145025772,2.079441542,92.55430838,131.029386
93,Coastal,2,A5C.01.ch01.181112.053001.20,13807.2,13807.2,7771.1,13807.1,6036,1.396,3,117.5040425,117.5040425,77.6916984,0.333611004,1.098612289,88.1538428,117.503617
94,Coastal,2,A5C.02.ch01.181119.001711.10,11530.1,5927.7,5927.7,11530.1,5602.4,0.945,2,107.3783032,76.99155798,74.84918169,-0.056570351,0.693147181,76.99155798,107.3783032
95,Coastal,2,A5C.02.ch01.181126.020225.24,8132.5,9433.7,6578.3,9433.7,2855.4,0.612,3,90.18037481,97.12723614,53.43594296,-0.491022996,1.098612289,81.10671982,97.12723614
96,Coastal,2,A5C.01.ch01.181130.173006.92,10988,11602.4,7843.4,12397.6,4554.2,0.65,6,104.8236615,107.7144373,67.48481311,-0.430782916,1.791759469,88.56297195,111.3445104
97,Coastal,2,A5C.01.ch01.181130.211723.99,15867.5,7048.2,7048.2,15867.5,8819.3,1.047,2,125.9662653,83.95355859,93.9111282,0.045928932,0.693147181,83.95355859,125.9662653
98,Coastal,2,116_20170309_081846,9144.6,8819.3,5674.7,11457.8,5783.1,1.596,10,95.62740193,93.9111282,76.04669618,0.467500499,2.302585093,75.33060467,107.0411136
99,Coastal,2,A5C.01.ch01.180814.201801.61,7518.1,5421.7,5277.1,16156.6,10879.5,1.372,4,86.7069778,73.63219405,104.3048417,0.316269529,1.386294361,72.64365079,127.108615
100,Coastal,2,A5C.01.ch01.180715.200049.53,6973.6,3713.2,3713.2,6837.7,3124.5,0.781,6,83.50808344,60.93603203,55.89722712,-0.247180129,1.791759469,60.93603203,82.69038638
101,Coastal,1,20170613.153642.31..sel.66,4821.4,22142.9,4821.4,22142.9,17321.5,0.44,4,69.43630174,148.8049058,131.6111697,-0.820980552,1.386294361,69.43630174,148.8049058
102,Coastal,1,20170613.154143.17..sel.72,7531.9,10723.4,7531.9,17702.1,10170.2,0.793,4,86.78651969,103.5538507,100.8474095,-0.231932057,1.386294361,86.78651969,133.049239
103,Coastal,1,20170614.062236.14..sel.129,8095.1,8630,7274.9,12338.8,5063.9,0.788,5,89.97277366,92.8977933,71.16108487,-0.238257189,1.609437912,85.29302433,111.0801512
104,Coastal,1,20170614.063620.38..sel.137,9699.9,16546.8,5242.2,16546.8,11304.6,0.295,5,98.48807034,128.6343655,106.3230925,-1.220779923,1.609437912,72.40303861,128.6343655
105,Coastal,1,20170615.052040.34..sel.245,10601.2,6331.3,5889.6,11435.6,5546,0.947,7,102.962129,79.56946651,74.47147105,-0.054456186,1.945910149,76.74372939,106.9373648
106,Coastal,1,20170615.192432.58..sel.281,7274.9,8986.6,5884.1,10520.1,4636,1.263,5,85.29302433,94.7976793,68.08817812,0.233489843,1.609437912,76.70788747,102.5675387
107,Coastal,1,20170615.204852.40..sel.296,10948,20612.2,5277.9,23108.5,17830.6,0.781,7,104.6326909,143.5694954,133.5312697,-0.247180129,1.945910149,72.64915691,152.0148019
108,Coastal,1,20170616.040316.79..sel.312,8630,6989.6,6169.4,10413.1,4243.7,0.798,6,92.8977933,83.60382766,65.14368734,-0.225646682,1.791759469,78.5455282,102.0445981
109,Coastal,1,20170616.043157.04..sel.320,7560.2,9200.6,7560.2,18936.1,11375.9,0.691,8,86.94941058,95.91975813,106.6578642,-0.369615455,2.079441542,86.94941058,137.6085026
110,Coastal,1,20170616.111628.92..sel.327,8701.3,4315,4315,17153,12838,0.827,5,93.280759,65.6886596,113.3048984,-0.189950584,1.609437912,65.6886596,130.9694621
111,Coastal,1,20170616.111633.83..sel.328,8674.7,4385.5,4385.5,16722.9,12337.4,0.873,7,93.13806955,66.22310775,111.0738493,-0.135819723,1.945910149,66.22310775,129.3170522
112,Coastal,1,20170618.005412.94..sel.374,9445.8,3951.8,3277.1,13686.7,10409.6,1.3,11,97.18950561,62.86334385,102.0274473,0.262364264,2.397895273,57.24596056,116.9901705
113,Coastal,1,20170618.053415.74..sel.389,7421.7,4674.7,4530.1,7855.4,3325.3,0.816,6,86.14928903,68.3717778,57.66541424,-0.203340924,1.791759469,67.30601756,88.63069446
114,Coastal,1,20170618.083105.48..sel.416,7710.8,4481.9,4481.9,13349.4,8867.5,1.435,8,87.81116102,66.94699396,94.16740413,0.361164849,2.079441542,66.94699396,115.5396036
115,Coastal,1,sel.06.T1C.2017.07,11518.1,5108.4,5108.4,13542.2,8433.8,0.39,5,107.3224115,71.47307185,91.8357229,-0.94160854,1.609437912,71.47307185,116.3709586
116,Coastal,1,sel.100.T1C.2017.07,7807.2,11084.3,7421.7,12289.2,4867.5,0.758,8,88.35836123,105.2820023,69.76747093,-0.277071893,2.079441542,86.14928903,110.8566642
117,Coastal,1,sel.100_T1C_201708,9397.6,4048.2,4048.2,9397.6,5349.4,1.06,6,96.9412193,63.6254666,73.13959256,0.058268908,1.791759469,63.6254666,96.9412193
118,Coastal,1,sel.10_T1C_201708,8192.8,13494,5783.1,13494,7710.9,0.975,5,90.5140873,116.1636776,87.81173042,-0.025317808,1.609437912,76.04669618,116.1636776
119,Coastal,1,sel.126_T1C_201708,10602.4,8192.8,7469.9,14265.1,6795.2,0.818,8,102.9679562,90.5140873,82.4330031,-0.200892942,2.079441542,86.42858323,119.4365941
120,Coastal,1,sel.128_T1C_201708,6843.4,10120.5,6843.4,14072.3,7228.9,0.442,3,82.72484512,100.6006958,85.02293808,-0.816445397,1.098612289,82.72484512,118.6267255
121,Coastal,1,sel.130_T1C_201708,7951.8,10168.7,7951.8,10457.8,2506,0.926,4,89.17286583,100.8399722,50.05996404,-0.076881044,1.386294361,89.17286583,102.2633854
122,Coastal,1,sel.132_T1C_201708,8722.9,6747,4385.5,17734.9,13349.4,1.387,11,93.39646674,82.14012418,115.5396036,0.327143141,2.397895273,66.22310775,133.1724446
123,Coastal,1,sel.135.T1C.2017.07,5175.2,18824.8,5175.2,18824.8,13649.6,0.731,2,71.93886293,137.2034985,116.8315026,-0.313341819,0.693147181,71.93886293,137.2034985
124,Coastal,1,sel.136_T1C_201708,5204.8,5156.6,5204.8,10361.4,5156.6,0.992,3,72.14429984,71.80947013,71.80947013,-0.008032172,1.098612289,72.14429984,101.7909623
125,Coastal,1,sel.159.T1C.2017.07,3903.6,4241,2939.8,5445.8,2506,0.884,6,62.4787964,65.12296062,50.05996404,-0.123298216,1.791759469,54.21992254,73.79566383
126,Coastal,1,sel.160.T1C.2017.07,8722.9,4771.1,4771.1,8915.7,4144.6,0.791,5,93.39646674,69.07314963,64.37856786,-0.234457311,1.609437912,69.07314963,94.42298449
127,Coastal,1,sel.164_T1C_201708,10698.8,11614.5,5060.2,11951.8,6891.6,0.404,6,103.4350037,107.7705897,83.01566117,-0.906340401,1.791759469,71.13508277,109.3242882
128,Coastal,1,sel.177.T1C.2017.07,5207.5,3277.1,3277.1,12385.5,9108.4,1.351,6,72.16300992,57.24596056,95.43793795,0.300845059,1.791759469,57.24596056,111.2901613
129,Coastal,1,sel.178_T1C_201708,17156.6,7951.8,7951.8,17156.6,9204.8,0.456,4,130.983205,89.17286583,95.94164893,-0.785262469,1.386294361,89.17286583,130.983205
130,Coastal,1,sel.180_T1C_201708,4963.9,3566.3,3469.9,7903.6,4433.7,1.009,6,70.45495015,59.71850634,66.58603457,0.008959741,1.791759469,58.90585709,88.90219345
131,Coastal,1,sel.183.T1C.2017.07,12963.9,2891.6,2891.6,12963.9,10072.3,0.972,4,113.8591235,53.77359947,100.3608489,-0.028399475,1.386294361,53.77359947,113.8591235
132,Coastal,1,sel.215.T1C.2017.07,12626.5,7759,7614.5,13975.2,6360.7,0.748,8,112.3677,88.08518604,79.75399677,-0.290352301,2.079441542,87.26110245,118.2167501
133,Coastal,1,sel.218.T1C.2017.07,7277.1,5301.2,4578.3,12000,7421.7,0.56,4,85.30592008,72.80934006,86.14928903,-0.579818495,1.386294361,67.6631362,109.5445115
134,Coastal,1,sel.243.T1C.2017.07,7807.2,6650.6,5975.9,8144.6,2168.7,0.591,8,88.35836123,81.5512109,46.56930319,-0.525939262,2.079441542,77.30394557,90.24743764
135,Coastal,1,sel.259.T1C.2017.07,5975.9,9494,5975.9,16867.5,10891.6,0.583,5,77.30394557,97.43715924,104.3628286,-0.539568093,1.609437912,77.30394557,129.8749398
136,Coastal,1,sel.280.T1C.2017.07,9445.8,4289.2,4289.2,11566.3,7277.1,0.705,6,97.18950561,65.49198424,85.30592008,-0.349557476,1.791759469,65.49198424,107.546734
137,Coastal,1,sel.295.T1C.2017.07,6261.4,7373.5,6261.4,11228.9,4967.5,0.643,3,79.12900859,85.8690864,70.48049376,-0.441610555,1.098612289,79.12900859,105.9665041
138,Coastal,1,sel.305.T1C.2017.07,13397.6,7087.7,7087.7,15662.7,8575,0.947,6,115.7480021,84.18847902,92.60129589,-0.054456186,1.791759469,84.18847902,125.1507091
139,Coastal,1,sel.309.T1C.2017.07,5425.7,4514.9,4831.7,6613.9,1782.2,0.853,6,73.65935107,67.19300559,42.21611067,-0.158995731,1.791759469,69.51043087,81.32588764
140,Coastal,1,sel.341.T1C.2017.07,15529.4,5137.3,5137.3,15529.4,10392.1,0.407,2,124.6170133,71.67496076,101.94165,-0.898942094,0.693147181,71.67496076,124.6170133
141,Coastal,1,sel.343.T1C.2017.07,7960.8,6745.1,6313.7,11058.8,4745.1,0.991,5,89.22331534,82.12855776,68.88468625,-0.009040745,1.609437912,79.45879435,105.1608292
142,Coastal,1,sel.371.T1C.2017.07,10235.3,7019.6,6862.7,10431.4,3568.7,0.843,4,101.1696595,83.78305318,59.73859724,-0.170788321,1.386294361,82.84141476,102.1342254
143,Coastal,1,sel.372.T1C.2017.07,7803.9,6392.2,6392.2,18196.1,11803.9,0.665,5,88.33968531,79.95123514,108.6457546,-0.407968238,1.609437912,79.95123514,134.8929205
144,Coastal,1,sel.417.T1C.2017.07,10745.1,6627.5,6156.9,14117.6,7960.7,0.872,5,103.6585742,81.40945891,89.22275495,-0.136965855,1.609437912,78.46591617,118.8175071
145,Coastal,1,sel.41_T1C_201708,6235.3,6431.4,6235.3,12117.6,5882.3,0.53,3,78.96391581,80.19600988,76.69615375,-0.634878272,1.098612289,78.96391581,110.0799709
146,Coastal,1,sel.427.T1C.2017.07,6392.2,6156.9,5647.1,11098,5450.9,0.703,5,79.95123514,78.46591617,73.83021062,-0.352398387,1.609437912,75.1471889,105.3470455
147,Coastal,1,sel.428.T1C.2017,7686.3,4460.2,4460.2,6584.1,2123.9,0.665,4,87.67154613,66.78472879,46.08578957,-0.407968238,1.386294361,66.78472879,81.1424673
148,Coastal,1,sel.440.T1C.2017.07,8039.2,4156.9,4039.2,8039.9,4000.7,0.692,4,89.66158598,64.47402578,63.25108695,-0.368169323,1.386294361,63.55470085,89.66548946
149,Coastal,1,sel.446.T1C.2017.07,3451,3557.8,3451,14313.7,10862.7,1.022,6,58.74521257,59.64729667,104.2242774,0.021761492,1.791759469,58.74521257,119.6398763
150,Coastal,1,sel.447.T1C.2017.07,12705.9,3529.4,3529.4,18235.3,14705.9,0.951,4,112.7204507,59.40875356,121.2678853,-0.050241216,1.386294361,59.40875356,135.0381428
151,Coastal,1,sel.458.T1C.2017.07,11254.9,5411.8,5411.8,11254.9,5843.1,0.667,4,106.0891135,73.5649373,76.44017268,-0.404965233,1.386294361,73.5649373,106.0891135
152,Coastal,1,sel.52_T1C_201708,10470.6,8313.7,5960.8,10470.6,4509.8,0.695,5,102.3259498,91.17949331,67.15504449,-0.363843433,1.609437912,77.20621737,102.3259498
153,Coastal,1,sel.53_T1C_201708,12313.7,8352.9,8352.9,12862.7,4509.8,0.78,5,110.9671122,91.39420113,67.15504449,-0.248461359,1.609437912,91.39420113,113.413844
154,Coastal,1,sel.74_T1C_201708,11019.6,9019.6,7098,12392.2,5294.2,0.664,6,104.9742826,94.97157469,72.76125343,-0.40947313,1.791759469,84.24962908,111.3202587
155,Coastal,1,T1C.01.ch01.180716.040827.28,16196.1,4078.4,4078.4,16196.1,12117.7,0.952,4,127.263899,63.86235198,110.0804251,-0.049190244,1.386294361,63.86235198,127.263899
156,Coastal,1,T1C.01.ch01.180719.193742.97,4823.5,5411.8,4823.5,15333.3,10509.8,0.774,3,69.45142187,73.5649373,102.5173156,-0.256183405,1.098612289,69.45142187,123.8277029
157,Coastal,1,T1C.01.ch01.180814.070353.58,12862.7,9372.5,8313.7,14390.2,6076.5,0.692,5,113.413844,96.81167285,77.95190825,-0.368169323,1.609437912,91.17949331,119.9591597
158,Coastal,1,T1C.01.ch01.180818.070126.30,7921.6,6745.1,6745.1,17725.5,10980.4,1.093,7,89.00337072,82.12855776,104.7874038,0.088926209,1.945910149,82.12855776,133.1371473
159,Coastal,1,T1C.01.ch01.180823.220051.85,7568.6,3372.5,3372.5,9333.3,5960.8,0.856,3,86.99770112,58.07322963,77.20621737,-0.155484903,1.098612289,58.07322963,96.60900579
160,Coastal,1,T1C.01.ch01.180911.101602.14,4470.6,4666.7,4431.4,15019.6,10588.2,0.41,7,66.86254557,68.31324908,102.8989796,-0.891598119,1.945910149,66.56876144,122.5544777
161,Coastal,1,T1C.01.ch01.180919.224603.28,6743.8,4817,4817,10263.9,5446.9,1.302,9,82.12064296,69.4046108,73.80311647,0.263901544,2.197224577,69.4046108,101.3109076
162,Coastal,1,T1C.01.ch01.180920.081740.81,17882.4,3490.2,3490.2,17882.4,14392.2,1.462,2,133.7250911,59.07791466,119.9674956,0.379805361,0.693147181,59.07791466,133.7250911
163,Coastal,1,T1C.01.ch01.180922.091524.46,8823.5,18196.1,8823.5,18196.1,9372.6,0.54,2,93.93348711,134.8929205,96.81218932,-0.616186139,0.693147181,93.93348711,134.8929205
164,Coastal,1,T1C.02.ch01.180717.120412.76,7490.2,5960.8,5843.1,10980.4,5137.3,1.054,7,86.54594156,77.20621737,71.67496076,0.05259245,1.945910149,76.44017268,104.7874038
165,Coastal,1,T1C.02.ch01.180720.201547.42,9921.6,4187.2,4187.2,9921.6,5734.4,1.122,6,99.60722865,64.70857748,75.72582122,0.115112807,1.791759469,64.70857748,99.60722865
166,Coastal,1,T1C.02.ch01.180809.230632.94,9451,3764.7,3764.7,10784.3,7019.6,0.775,6,97.21625379,61.35715117,83.78305318,-0.25489225,1.791759469,61.35715117,103.8474843
167,Coastal,1,T1C.02.ch01.180904.233004.26,13764.7,15436.4,6862.7,15436.4,8573.7,0.257,3,117.3230583,124.2433097,92.59427628,-1.358679194,1.098612289,82.84141476,124.2433097
168,Coastal,1,T1C.02.ch01.180907.024526.25,7215.7,13647.1,4705.9,20313.7,15607.8,0.848,5,84.9452765,116.8208029,124.9311811,-0.164874643,1.609437912,68.59956268,142.526138
169,Coastal,1,T1C.03.ch01.180727.050214.90,6588.2,7725.5,6588.2,15019.6,8431.4,0.841,12,81.16772758,87.89482351,91.82265516,-0.173163619,2.48490665,81.16772758,122.5544777
170,Coastal,1,T1C.03.ch01.180817.091457.67,6000,4705.9,4705.9,13725.5,9019.6,0.627,3,77.45966692,68.59956268,94.97157469,-0.466808738,1.098612289,68.59956268,117.1558791
171,Coastal,1,T1C.03.ch01.180904.233017.48,17419.4,9367.7,6348.4,22141.9,15793.5,1.54,13,131.9825746,96.78687928,125.6721926,0.431782416,2.564949357,79.67684733,148.8015457
172,Coastal,1,T1C.04.ch01.180817.091618.72,7935.5,4916.1,3948.4,13703.2,9754.8,1.016,5,89.08142343,70.11490569,98.76639104,0.015873349,1.609437912,62.83629524,117.060668
173,Coastal,1,T1C.04.ch01.180905.000305.02,7896.8,12038.7,5148.4,12038.7,6890.3,0.372,4,88.86394094,109.7210098,83.00783096,-0.988861425,1.386294361,71.75235188,109.7210098
174,Coastal,1,T1C.05.ch01.180807.131233.10,15096.8,6571.4,6571.4,15096.8,8525.4,0.74,2,122.869036,81.06417211,92.33309266,-0.301105093,0.693147181,81.06417211,122.869036
175,Coastal,1,T1C.05.ch01.180827.112348.35,9483.9,6580.6,6154.8,16916.1,10761.3,0.851,4,97.38531717,81.12089743,103.7366859,-0.16134315,1.386294361,78.45253342,130.0619083
176,Coastal,1,T1C.05.ch01.180928.174914.90,8554.8,8167.7,8167.7,11767.7,3600,0.59,3,92.49216183,90.37532849,60,-0.527632742,1.098612289,90.37532849,108.4790302
177,Coastal,1,T1C.06.ch01.180723.133314.88,5032.3,3174.2,2632.3,5032.3,2400,0.71,4,70.93870594,56.34003905,48.98979486,-0.342490309,1.386294361,51.30594507,70.93870594
178,Coastal,1,T1C.06.ch01.180802.094711.22,6929,6812.9,6580.6,9561.3,2980.7,0.784,4,83.24061509,82.54029319,54.59578738,-0.243346259,1.386294361,81.12089743,97.78190017
179,Coastal,1,T1C.06.ch01.180810.001150.99,5651.6,5419.4,5380.6,13780.6,8400,0.474,6,75.17712418,73.61657422,91.6515139,-0.746547957,1.791759469,73.35257323,117.3908003
180,Coastal,1,T1C.07.ch01.180731.100544.41,6851.6,4451.6,4064.5,12890.3,8825.8,1.479,11,82.77439218,66.72031175,93.94572901,0.391366184,2.397895273,63.75343128,113.535457
181,Coastal,1,T1C.07.ch01.180923.083206.62,8012.9,13083.9,7471,13238.7,5767.7,0.876,9,89.51480325,114.3848766,75.94537511,-0.132389188,2.197224577,86.43494664,115.0595498
182,Coastal,1,T1C.07.ch01.180927.084910.23,6077.4,5109.7,4877.4,10761.3,5883.9,1.147,7,77.95768083,71.48216561,76.70658381,0.137149838,1.945910149,69.83838486,103.7366859
183,Coastal,1,T1C.08.ch01.180725.061435.68,6658.1,4451.6,4451.6,6658.1,2206.5,0.611,2,81.59718132,66.72031175,46.97339673,-0.49265832,0.693147181,66.72031175,81.59718132
184,Coastal,1,T1C.08.ch01.180731.100702.91,5419.4,5303.2,5032.3,11032.3,6000,0.636,5,73.61657422,72.82307327,77.45966692,-0.452556716,1.609437912,70.93870594,105.0347562
185,Coastal,1,T1C.08.ch01.180927.084917.35,12077.4,16800,9058.1,16800,7741.9,0.562,3,109.8972247,129.614814,87.98806737,-0.576253429,1.098612289,95.17405109,129.614814
186,Coastal,1,T1C.09.ch01.180927.084930.16,13006.5,4335.5,4258.1,14438.7,10180.6,1.378,7,114.0460433,65.84451382,100.8989594,0.320633173,1.945910149,65.25411864,120.1611418
187,Coastal,1,T1C.12.ch01.180813.002119.68,9832.3,4451.6,3793.5,9832.3,6038.8,1.189,6,99.1579548,66.72031175,77.70971625,0.173112618,1.791759469,61.5913955,99.1579548
188,Coastal,1,T1C.13.ch01.180923.083336.37,9793.5,3174.2,3174.2,15212.9,12038.7,0.937,5,98.96211396,56.34003905,109.7210098,-0.065071997,1.609437912,56.34003905,123.3405854
189,Coastal,1,T1C.14.ch01.180729.211858.98,3212.9,4529,3212.9,14632.3,11419.4,1.644,10,56.68244878,67.29784543,106.8615927,0.497132297,2.302585093,56.68244878,120.9640442
190,Coastal,1,T1C.16.ch01.180727.062137.28,7858.1,4103.2,4103.2,15948.4,11845.2,1.185,5,88.64592489,64.0562253,108.8356559,0.169742775,1.609437912,64.0562253,126.2869748
191,Coastal,1,T1C.18.ch01.180727.062319.56,10064.5,7664.5,6503.2,12619.4,6116.2,0.903,7,100.3219816,87.54713016,78.20613787,-0.102032726,1.945910149,80.6424206,112.3361028
192,Coastal,1,T1C.25.ch01.180727.063311.66,7741.9,4180.6,3832.3,16335.5,12503.2,0.899,5,87.98806737,64.6575595,111.8177088,-0.106472245,1.609437912,61.90557325,127.8104065
193,Coastal,1,sel.114.T1C.2017.07,9590.7,2640.9,2640.9,16586.9,13946,1.06,5,97.93211935,51.38968768,118.0931835,0.058268908,1.609437912,51.38968768,128.7901394
194,Coastal,1,sel.375.T1C.2017.07,10450.9,4418.8,3005.8,10450.9,7445.1,0.777,8,102.2296435,66.47405509,86.2849929,-0.252314929,2.079441542,54.8251767,102.2296435
195,Coastal,1,67,7005.4,13275.7,4800,16864.9,12064.9,1.004,16,83.6982676,115.2202239,109.8403387,0.003992021,2.772588722,69.2820323,129.8649298
196,Coastal,1,sel.137_T1C_201708,4467.2,3065.7,3065.7,10292,7226.3,0.698,4,66.83711544,55.36876376,85.00764671,-0.359536176,1.386294361,55.36876376,101.4494948
197,Coastal,1,T1C.03.ch01.180815.070649.84,6875.9,7226.3,5386.9,23036.5,17649.6,1.972,15,82.92104679,85.00764671,132.8517971,0.679048256,2.708050201,73.39550395,151.7777981
198,Coastal,1,T1C.01.ch01.180928.114548.36,12397.6,4734.9,4734.9,12397.6,7662.7,0.787,6,111.3445104,68.81060965,87.53684938,-0.239527031,1.791759469,68.81060965,111.3445104
199,Coastal,1,T1C.01.ch01.180930.113229.83,3975.9,3542.2,3433.7,6506,3072.3,0.673,4,63.05473812,59.5163843,55.42833211,-0.396009949,1.386294361,58.59778153,80.65977932
200,Coastal,1,sel.462.T1C.2017.07,8024.1,15614.5,7879.5,15614.5,7735,0.554,4,89.57734088,124.9579929,87.94884877,-0.590590592,1.386294361,88.76654775,124.9579929
201,Bay,3,rr.01.ch01.180625.152047.75.,4228.2,3714.5,3714.5,17505.6,13791.1,0.918,3,65.02461073,60.94669802,117.4355142,-0.085557888,1.098612289,60.94669802,132.3087299
202,Bay,3,rr.03.ch01.180625.152140.16.,8401.9,5759,5759,17079.9,11320.9,0.519,3,91.66187866,75.88807548,106.399718,-0.655851396,1.098612289,75.88807548,130.6900914
203,Bay,3,rr.08.180702.085614,8756.9,8796.3,8362.4,10413.6,2051.2,0.462,7,93.57830945,93.78859206,45.29017554,-0.772190388,1.945910149,91.44615902,102.047048
204,Bay,3,rr.10.180709.002806,13253.7,15620.4,13253.7,15857.1,2603.4,0.215,3,115.124715,124.9815986,51.02352399,-1.537117251,1.098612289,115.124715,125.9249777
205,Bay,3,rr.10.ch01.180625.152302.23.,8441.3,4575.7,4575.7,18657.7,14082,1.187,3,91.87654761,67.64392064,118.667603,0.171429116,1.098612289,67.64392064,136.5931916
206,Bay,3,rr.11.ch01.180625.152310.47.,9170.8,3508,3056.9,9170.8,6113.9,0.983,3,95.76429397,59.22837158,78.19143176,-0.017146159,1.098612289,55.28923946,95.76429397
207,Bay,3,rr.15.ch01.180625.152413.66.,5798.5,6350.7,5798.5,7810.2,2011.7,0.621,3,76.14788244,79.69127932,44.85197877,-0.476424197,1.098612289,76.14788244,88.37533593
208,Bay,3,rr.17.180709.051113,7770.8,6469.1,6192.9,10334.7,4141.8,0.52,8,88.15214121,80.43071553,64.35681782,-0.653926467,2.079441542,78.69498078,101.6597265
209,Bay,3,rr.19.ch01.180625.155459.54.,7455.2,5916.8,4496.8,15541.5,11044.7,1.065,6,86.34350004,76.92073843,105.0937677,0.062974799,1.791759469,67.05818369,124.6655526
210,Bay,3,rr.20.180709.051325,5956.3,4891.2,4378.4,11360.3,6981.9,1.31,11,77.17706913,69.93711461,83.55776445,0.270027137,2.397895273,66.16947937,106.5847081
211,Bay,3,rr.21.180709.052612,9309.1,6153.5,5916.8,11675.8,5759,0.915,5,96.48367738,78.44424772,75.88807548,-0.088831214,1.609437912,76.92073843,108.0546158
212,Bay,3,rr.29.180710.025623,8125.8,3352.9,3352.9,9388,6035.1,0.745,5,90.14321938,57.90423128,77.68590606,-0.294371061,1.609437912,57.90423128,96.89169211
213,Bay,3,rr.29.ch01.180625.155832.99.,7731.3,5404,3865.7,11399.7,7534,0.985,7,87.9278113,73.5119038,86.7986175,-0.015113638,1.945910149,62.17475372,106.7693776
214,Bay,3,rr.30.180710.031110,10965.8,18973.3,10965.8,20472.2,9506.4,0.164,3,104.7177158,137.7436024,97.50076923,-1.807888851,1.098612289,104.7177158,143.0810959
215,Bay,3,rr.31.ch01.180625.161133.40.,9230.2,6626.8,6626.8,17671.6,11044.8,0.429,3,96.07392987,81.40515954,105.0942434,-0.84629836,1.098612289,81.40515954,132.9345704
216,Bay,3,rr.36.ch01.180625.161823.87.,4260.1,4772.9,4260.1,6114,1853.9,0.462,5,65.26944155,69.08617807,43.05693905,-0.772190388,1.609437912,65.26944155,78.19207121
217,Bay,3,rr.59.180729.004210,10729.2,6666.3,6666.3,10729.2,4062.9,0.663,2,103.5818517,81.6474127,63.7408817,-0.410980289,0.693147181,81.6474127,103.5818517
218,Bay,3,rr.61.180729.005740,7731.3,11281.4,7731.3,11912.5,4181.2,0.666,3,87.9278113,106.2139351,64.66219916,-0.406465608,1.098612289,87.9278113,109.1443998
219,Bay,3,rr02.ch01.180623.013615.49.,12307,4891.2,4891.2,12859.2,7968,1.271,5,110.936919,69.93711461,89.26365442,0.239803992,1.609437912,69.93711461,113.3984127
220,Bay,4,Pot.01.190602.083606.85,7106.4,11319.1,6255.3,11319.1,5063.8,0.574,3,84.29946619,106.391259,71.16038224,-0.555125883,1.098612289,79.09045454,106.391259
221,Bay,4,Pot.01.190602.203504.70,8187.3,5097,5097,11799.3,6702.3,0.592,5,90.48370019,71.39327699,81.867576,-0.524248644,1.609437912,71.39327699,108.6245829
222,Bay,4,Pot.01.190602.205503.53,4936.5,3291,3291,9632.1,6341.1,0.406,4,70.26023057,57.36723804,79.6310241,-0.901402119,1.386294361,57.36723804,98.14326263
223,Bay,4,Pot.01.190602.210601.73,9431.4,13043.5,8388,19224.1,10836.1,1.289,6,97.11539528,114.2081433,104.0965898,0.253866724,1.791759469,91.58602513,138.6510007
224,Bay,4,Pot.01.190611.170501.98,10033.4,15933.1,6260.9,15933.1,9672.2,0.446,3,100.1668608,126.2263839,98.34734363,-0.807436327,1.098612289,79.12584913,126.2263839
225,Bay,4,Pot.01.190613.190644.13,8749.2,6983.3,6983.3,8749.2,1765.9,0.399,2,93.53715839,83.56614147,42.02261296,-0.918793862,0.693147181,83.56614147,93.53715839
226,Bay,4,Pot.01.190613.191653.13,6100.3,3531.8,3090.3,8026.8,4936.5,0.972,8,78.10441729,59.42894917,70.26023057,-0.028399475,2.079441542,55.59046681,89.59241039
227,Bay,4,Pot.01.190613.193529.46,5297.7,5217.4,3852.8,5297.7,1444.9,0.315,3,72.78530071,72.23157204,38.01184026,-1.15518264,1.098612289,62.07092717,72.78530071
228,Bay,4,Pot.01.190618.131651.12,9953.2,4013.4,3973.2,11076.9,7103.7,1.106,5,99.76572558,63.35140093,84.28345033,0.100749903,1.609437912,63.03332452,105.2468527
229,Bay,4,Pot.01.190619.104536.88,6622.1,4093.6,4093.6,7786,3692.4,0.252,3,81.37628647,63.98124725,60.76512157,-1.378326191,1.098612289,63.98124725,88.23831367
230,Bay,4,Pot.01.190626.121646.53,6501.7,10073.6,4535.1,10635.5,6100.4,1.088,8,80.63311975,100.3673254,78.10505745,0.084341148,2.079441542,67.3431511,103.1285605
231,Bay,4,Pot.01.190627.080551.48,7143.8,9150.5,7143.8,13404.7,6260.9,0.271,4,84.52100331,95.65824585,79.12584913,-1.305636458,1.386294361,84.52100331,115.7786682
232,Bay,4,Pot.01.190627.084639.52,5016.7,4274.6,4214,7464.9,3250.9,0.555,4,70.82866651,65.38042521,57.01666423,-0.588787165,1.386294361,64.91532947,86.39965278
233,Bay,4,Pot.01.190627.085611.91,5217.4,4535.1,4535.1,9752.5,5217.4,0.413,3,72.23157204,67.3431511,72.23157204,-0.884307686,1.098612289,67.3431511,98.75474672
234,Bay,4,Pot.01.190629.033539.24,11036.8,5217.4,5217.4,13123.7,7906.3,0.653,4,105.0561754,72.23157204,88.91737738,-0.42617815,1.386294361,72.23157204,114.5587186
235,Bay,4,Pot.01.190629.180512.71,6541.8,6301,6301,20709,14408,0.762,5,80.88139465,79.37883849,120.0333287,-0.271808723,1.609437912,79.37883849,143.9062195
236,Bay,4,Pot.01.190629.184631.98,9551.8,3411.4,3411.4,9752.5,6341.1,0.45,4,97.7333106,58.40719134,79.6310241,-0.798507696,1.386294361,58.40719134,98.75474672
237,Bay,4,Pot.01.190704.003635.79,4896.3,7866.2,4454.8,7866.2,3411.4,0.691,3,69.97356644,88.6916005,58.40719134,-0.369615455,1.098612289,66.74428815,88.6916005
238,Bay,4,Pot.01.190803.114642.46,7424.7,8588.6,7183.9,10595.3,3411.4,0.409,4,86.1666989,92.67469989,58.40719134,-0.894040123,1.386294361,84.75789049,102.9334737
239,Bay,4,Pot.01.190803.160532.42,8990,6060.2,4294.3,11558.5,7264.2,1.85,14,94.81561053,77.8472864,85.23027631,0.615185639,2.63905733,65.53090874,107.5104646
240,Bay,4,Pot.01.190803.162513.83,9391.3,10755.9,4414.7,11598.7,7184,1.164,7,96.90871994,103.7106552,84.7584804,0.151862349,1.945910149,66.44320883,107.6972609
241,Bay,4,Pot.01.190803.164550.16,14729.1,4495,4294.3,14629.1,10334.8,0.895,5,121.3635036,67.04476117,101.6602184,-0.110931561,1.609437912,65.53090874,120.9508165
242,Bay,4,Pot.01.190803.232541.56,9230.8,6622.1,5498.3,14929.8,9431.5,1.25,5,96.07705241,81.37628647,97.11591013,0.223143551,1.609437912,74.15052259,122.1875607
243,Bay,4,Pot.01.190805.023533.73,6662.2,6190.6,6180.6,8468.2,2287.6,0.611,4,81.62230087,78.68036604,47.82886158,-0.49265832,1.386294361,78.6167921,92.02282326
244,Bay,4,Pot.01.190805.133600.22,6421.4,4575.3,3973.2,6421.4,2448.2,0.955,8,80.13363838,67.64096392,49.4792886,-0.046043939,2.079441542,63.03332452,80.13363838
245,Bay,4,Pot.01.190805.170548.35,3491.6,4976.6,2929.8,12682.3,9752.5,0.668,7,59.08976223,70.54502109,98.75474672,-0.403467105,1.945910149,54.12762696,112.6157183
246,Bay,4,Pot.01.190805.180551.15,5538.5,4334.4,4093.6,9752.5,5658.9,0.299,5,74.42109916,65.83616028,75.22566052,-1.207311706,1.609437912,63.98124725,98.75474672
247,Bay,4,Pot.01.190806.050623.25,11237.5,7183.9,7183.9,11759.2,4575.3,1.052,3,106.0070752,84.75789049,67.64096392,0.050693114,1.098612289,84.75789049,108.4398451
248,Bay,4,Pot.01.190806.211619.91,12000,5779.3,5779.3,13043.5,7264.2,1.07,4,109.5445115,76.02170743,85.23027631,0.067658648,1.386294361,76.02170743,114.2081433
249,Bay,4,Pot.01.190806.215654.28,7866.2,4495,4093.6,8227.4,4133.8,0.385,5,88.6916005,67.04476117,64.2946343,-0.954511945,1.609437912,63.98124725,90.7050164
250,Bay,4,Pot.01.190806.231552.74,8227.4,14528.4,4856.2,15612,10755.8,1.524,4,90.7050164,120.5338127,103.7101731,0.421338457,1.386294361,69.68644057,124.9479892
251,Bay,4,Pot.01.190807.000603.34,3491.6,11197.3,3491.6,11197.3,7705.7,0.478,2,59.08976223,105.8172954,87.78211663,-0.738144546,0.693147181,59.08976223,105.8172954
252,Bay,4,Pot.01.190807.002658.53,17097,6983.3,6983.3,17097,10113.7,0.944,10,130.755497,83.56614147,100.5668932,-0.057629113,2.302585093,83.56614147,130.755497
253,Bay,4,Pot.01.190807.021550.41,5779.3,4575.3,4334.4,5779.3,1444.9,0.491,3,76.02170743,67.64096392,38.01184026,-0.711311151,1.098612289,65.83616028,76.02170743
254,Bay,4,Pot.01.190807.072640.54,10555.2,15732.4,9551.8,19705.7,10153.9,0.808,6,102.738503,125.4288643,100.7665619,-0.21319322,1.791759469,97.7333106,140.3769924
255,Bay,4,Pot.01.190807.074531.33,9551.8,7826.1,7625.4,15090.3,7464.9,0.575,4,97.7333106,88.46524741,86.39965278,-0.553385238,1.386294361,87.32353635,122.8425822
256,Bay,4,Pot.01.190810.061519.53,10474.9,13806,7424.7,14127.1,6702.4,0.441,4,102.3469589,117.4989362,81.86818674,-0.818710404,1.386294361,86.1666989,118.8574777
257,Bay,4,Pot.01.190810.215553.65,13284.3,4575.3,4013.2,14488.3,10475.1,1.215,5,115.2575377,67.64096392,102.347936,0.194744077,1.609437912,63.34982241,120.3673544
258,Bay,4,Pot.01.190908.053005.95,12315.6,5125.3,5125.3,12315.6,7190.3,0.534,4,110.975673,71.59120058,84.79563668,-0.62735944,1.386294361,71.59120058,110.975673
259,Bay,4,Pot.01.190911.044131.52,4056,4203.5,3871.7,8148.9,4277.2,0.712,5,63.68673331,64.83440445,65.40030581,-0.339677368,1.609437912,62.22298611,90.27125788
260,Bay,4,Pot.01.190911.050138.49,9350.7,5591.5,5591.5,9540.3,3948.8,0.482,5,96.69901758,74.77633315,62.83947804,-0.729811165,1.609437912,74.77633315,97.6744593
261,Bay,4,Pot.01.190914.224004.01,4959.7,10235.2,4517.4,10235.2,5717.8,0.995,3,70.42513756,101.1691653,75.61613584,-0.005012542,1.098612289,67.21160614,101.1691653
262,Bay,4,Pot.01.190914.230050.94,8434.6,4359.5,4359.5,8434.6,4075.1,0.462,4,91.8400784,66.02650983,63.83650993,-0.772190388,1.386294361,66.02650983,91.8400784
263,Bay,4,Pot.01.190916.055010.01,19491.2,4996.9,4996.9,19491.2,14494.3,0.848,4,139.6108878,70.68875441,120.3922755,-0.164874643,1.386294361,70.68875441,139.6108878
264,Bay,4,Pot.01.190916.065149.12,4359.5,4201.5,2874.7,7550.1,4675.4,1.064,10,66.02650983,64.8189787,68.37689668,0.062035391,2.302585093,53.61622889,86.89131142
265,Bay,4,Pot.01.190921.083006.21,4264.7,4359.5,4264.7,7076.2,2811.5,0.849,3,65.30467058,66.02650983,53.02357966,-0.163696093,1.098612289,65.30467058,84.12015216
266,Bay,4,Pot.01.190921.085014.83,7676.4,7328.9,5117.6,11498.9,6381.3,1.264,14,87.6150672,85.60899485,79.8830395,0.234281296,2.63905733,71.5374028,107.232924
267,Bay,4,Pot.02.190602.205500.45,7014.3,6739.3,6739.3,18154.7,11415.4,0.577,3,83.7514179,82.09323967,106.8428753,-0.549913012,1.098612289,82.09323967,134.7393781
268,Bay,4,Pot.02.190613.193608.53,5467,5948.4,3575.9,5948.4,2372.5,0.434,3,73.93916418,77.12587115,48.70831551,-0.834710745,1.098612289,59.79882942,77.12587115
269,Bay,4,Pot.02.190628.131634.39,5260.7,4710.6,4263.6,11106,6842.4,1.47,9,72.53068316,68.63381091,82.71880077,0.385262401,2.197224577,65.29624798,105.3850084
270,Bay,4,Pot.02.190629.033545.15,10108.9,4882.5,4882.5,10384,5501.5,0.857,7,100.5430256,69.87488819,74.17209718,-0.15431736,1.945910149,69.87488819,101.9019136
271,Bay,4,Pot.02.190805.025543.92,11174.8,4882.5,4882.5,11174.8,6292.3,0.455,2,105.7109266,69.87488819,79.32401906,-0.78745786,0.693147181,69.87488819,105.7109266
272,Bay,4,Pot.02.190805.035512.94,11415.5,10934.1,6189.1,11656.2,5467.1,1.045,7,106.8433433,104.5662469,73.93984041,0.044016885,1.945910149,78.67083322,107.9638828
273,Bay,4,Pot.02.190805.180552.48,6051.6,18189.1,4710.6,18189.1,13478.5,0.304,3,77.79203044,134.8669715,116.0969423,-1.190727578,1.098612289,68.63381091,134.8669715
274,Bay,4,Pot.02.190806.214622.79,9833.8,16779.4,7977.1,17123.2,9146.1,0.842,6,99.1655182,129.5353234,95.63524455,-0.171975265,1.791759469,89.31461247,130.8556457
275,Bay,4,Pot.02.190807.004531.34,6257.9,19942.7,6257.9,19942.7,13684.8,0.388,4,79.10688971,141.2186248,116.9820499,-0.946749939,1.386294361,79.10688971,141.2186248
276,Bay,4,Pot.02.190807.005514.89,10899.7,10315.2,4126.1,11071.6,6945.5,0.498,5,104.4016283,101.5637731,83.33966643,-0.697155202,1.609437912,64.23472581,105.2216708
277,Bay,4,Pot.02.190807.012622.64,11759.3,5088.8,3713.5,11759.3,8045.8,0.863,4,108.4403062,71.3358255,89.69838349,-0.147340588,1.386294361,60.93849358,108.4403062
278,Bay,4,Pot.02.190807.020549.05,7667.6,14991.4,7667.6,15335.2,7667.6,2.364,12,87.56483312,122.4393728,87.56483312,0.8603551,2.48490665,87.56483312,123.8353746
279,Bay,4,Pot.02.190808.072616.20,15232.1,5088.8,4263.6,15232.1,10968.5,1.1,3,123.4183941,71.3358255,104.7306068,0.09531018,1.098612289,65.29624798,123.4183941
280,Bay,4,Pot.02.190808.085530.07,11621.8,4194.8,4022.9,11621.8,7598.9,1.472,10,107.8044526,64.76727569,87.17166971,0.38662202,2.302585093,63.42633522,107.8044526
281,Bay,4,Pot.02.190810.140633.84,8320.9,5363.9,5363.9,8320.9,2957,0.364,2,91.21896733,73.238651,54.3783045,-1.010601411,0.693147181,73.238651,91.21896733
282,Bay,4,Pot.02.190814.005518.43,9661.9,7770.8,7220.6,13375.4,6154.8,0.36,5,98.29496427,88.15214121,78.45253342,-1.021651248,1.609437912,84.97411371,115.6520644
283,Bay,4,Pot.02.190914.230150.86,5180.8,5117.6,4549.2,9698.2,5149,1.433,5,71.97777435,71.5374028,71.7565328,0.359770149,1.609437912,67.44775756,98.47943948
284,Bay,4,Pot.03.190626.132620.25,6766,7489.4,6383,7489.4,1106.4,0.358,3,82.25569889,86.54131961,33.2625916,-1.027222293,1.098612289,79.89367935,86.54131961
285,Bay,4,Pot.03.190630.174639.23,9490,20939.8,7426.9,20939.8,13512.9,0.384,5,97.41663102,144.7059087,116.2449999,-0.957112726,1.609437912,86.17946391,144.7059087
286,Bay,4,Pot.03.190803.231658.69,7014.3,8767.9,3197.7,9833.8,6636.1,0.728,8,83.7514179,93.63706531,81.4622612,-0.317454231,2.079441542,56.54820952,99.1655182
287,Bay,4,Pot.03.190803.232611.32,8183.4,4435.5,4022.9,11587.4,7564.5,0.754,5,90.46214678,66.59954955,86.97413409,-0.282362911,1.609437912,63.42633522,107.6447862
288,Bay,4,Pot.03.190804.020531.90,5982.8,2957,2957,14819.5,11862.5,0.7,5,77.34856172,54.3783045,108.9151046,-0.356674944,1.609437912,54.3783045,121.7353687
289,Bay,4,Pot.03.190810.143604.74,19805.2,3644.7,3644.7,19805.2,16160.5,1.745,4,140.730949,60.37135082,127.1239553,0.556754556,1.386294361,60.37135082,140.730949
290,Bay,4,Pot.03.190911.034105.43,10424.8,16648.1,8750.5,16648.1,7897.6,0.338,3,102.1019099,129.0275164,88.86844209,-1.084709383,1.098612289,93.54410724,129.0275164
291,Bay,4,Pot.04.190619.153636.33,9833.8,6223.5,6223.5,9833.8,3610.3,0.358,2,99.1655182,78.88916275,60.08577203,-1.027222293,0.693147181,78.88916275,99.1655182
292,Bay,4,Pot.04.190629.031609.23,5295.1,14578.8,4951.3,14578.8,9627.5,0.318,3,72.76743777,120.7427016,98.1198247,-1.145703896,1.098612289,70.36547449,120.7427016
293,Bay,4,Pot.04.190702.164652.61,5879.7,6361,4985.7,10040.1,5054.4,0.462,4,76.67920187,79.75587753,71.09430357,-0.772190388,1.386294361,70.60948945,100.2002994
294,Bay,4,Pot.04.190804.020609.41,10899.7,6429.8,4951.3,11621.8,6670.5,1.082,8,104.4016283,80.1860337,81.673129,0.07881118,2.079441542,70.36547449,107.8044526
295,Bay,4,Pot.06.190611.182613.99,4263.6,3369.6,3369.6,16332.4,12962.8,1.367,5,65.29624798,58.04825579,113.8542928,0.312618558,1.609437912,58.04825579,127.7982785
296,Bay,4,Pot.06.190629.031616.82,8286.5,3747.9,3747.9,13065.9,9318,2.049,11,91.03021476,61.22009474,96.52978815,0.717351869,2.397895273,61.22009474,114.3061678
297,Bay,4,Pot.07.190629.031620.66,8355.3,5432.7,4951.3,9937,4985.7,0.92,5,91.40733012,73.70685178,70.60948945,-0.083381609,1.609437912,70.36547449,99.68450231
298,Bay,4,Pot01.190814.013640.41,10830.9,7392.6,6154.7,13065.9,6911.2,1.161,7,104.07161,85.98023029,83.13362737,0.149281703,1.945910149,78.45189609,114.3061678
299,Bay,4,Pot02.190814.023638.35,3851,5604.6,3851,9593.1,5742.1,1.086,6,62.05642594,74.86387647,75.77664548,0.082501222,1.791759469,62.05642594,97.94437197
300,Bay,4,Pot05.190814.021618.50,7908.3,6429.8,6429.8,10143.3,3713.5,0.767,7,88.92862306,80.1860337,60.93849358,-0.265268478,1.945910149,80.1860337,100.7139514
301,Bay,4,Pot.01.190602.212524.78,4288.9,15650.6,4288.9,15650.6,11361.7,0.645,4,65.48969385,125.1023581,106.5912754,-0.438504962,1.386294361,65.48969385,125.1023581
302,Bay,4,Pot.01.190623.233631.93,5638.6,4481.9,4481.9,15506,11024.1,1.22,6,75.09061193,66.94699396,104.9957142,0.198850859,1.791759469,66.94699396,124.5230902
303,Bay,4,Pot.01.190628.130545.10,12180.7,11096.4,11096.4,12180.7,1084.3,0.631,2,110.3662086,105.3394513,32.92871088,-0.460449416,0.693147181,105.3394513,110.3662086
304,Bay,4,Pot.01.190629.072643.31,12180.7,13120.5,7048.2,13120.5,6072.3,0.875,3,110.3662086,114.5447511,77.92496391,-0.133531393,1.098612289,83.95355859,114.5447511
305,Bay,4,Pot.02.190619.152518.06,10265.1,4409.6,4409.6,10554.2,6144.6,0.566,3,101.3168298,66.4048191,78.387499,-0.569161201,1.098612289,66.4048191,102.7336362
306,Bay,4,Pot.02.190626.164614.97,8963.9,7626.5,7409.6,20204.8,12795.2,0.853,6,94.67787492,87.32983454,113.1158698,-0.158995731,1.791759469,86.07903345,142.1435894
307,Bay,4,Pot.05.190602.210643.17,7481.9,4662.7,4662.7,20204.8,15542.1,0.799,5,86.49797685,68.28396591,124.667959,-0.224394333,1.609437912,68.28396591,142.1435894
308,Bay,4,Pot.08.190629.031625.72,6759,14277.1,6289.2,14277.1,7987.9,1.251,10,82.21313764,119.4868194,89.37505245,0.223943231,2.302585093,79.30447654,119.4868194
309,Bay,4,Pot.01.190805.034526.93,9325.3,8024.1,8024.1,9325.3,1301.2,0.518,2,96.56759291,89.57734088,36.07214992,-0.657780037,0.693147181,89.57734088,96.56759291
310,Bay,4,Pot.01.190808.085515.17,3795.2,13626.5,3795.2,13626.5,9831.3,0.243,2,61.60519459,116.7326004,99.15291221,-1.414693836,0.693147181,61.60519459,116.7326004
311,Bay,4,Pot.01.190810.140504.41,12469.9,3144.6,3144.6,12469.9,9325.3,0.809,4,111.6687064,56.07673314,96.56759291,-0.211956362,1.386294361,56.07673314,111.6687064
312,Bay,4,Pot.01.190814.005504.75,7148.2,4951.8,4951.8,10084.3,5132.5,0.461,3,84.54702833,70.36902728,71.64146844,-0.774357236,1.098612289,70.36902728,100.4206154
313,Bay,4,Pot.02.190803.124533.07,6325.3,7265.1,6325.3,13192.8,6867.5,0.576,5,79.53175466,85.23555596,82.87038072,-0.551647618,1.609437912,79.53175466,114.8599147
314,Bay,4,Pot.08.190807.075645.58,13084.3,4084.3,3867.5,13084.3,9216.8,0.366,3,114.3866251,63.90852838,96.00416658,-1.005121946,1.098612289,62.18922736,114.3866251
315,Bay,4,Pot02.190814.025608.35,7807.2,20963.9,6903.6,20963.9,14060.3,0.441,3,88.35836123,144.7891571,118.5761359,-0.818710404,1.098612289,83.08790526,144.7891571
316,Bay,4,Pot.01.190908.030033.09,6143.4,10626.5,6143.4,10626.5,4483.1,0.33,2,78.37984435,103.0849165,66.95595567,-1.108662625,0.693147181,78.37984435,103.0849165
317,Bay,4,Pot.02.190911.043041.28,6708,5313.3,5313.3,16537.5,11224.2,0.71,5,81.90238092,72.89238643,105.944325,-0.342490309,1.609437912,72.89238643,128.5982115
318,Bay,4,Pot.03.190908.053024.41,6576.2,8401.6,5280,8401.6,3121.6,1.067,16,81.09377288,91.6602422,55.87128064,0.064850972,2.772588722,72.6636085,91.6602422
319,Bay,4,Pot.01.190611.215509.58,8060.2,3000,3000,8060.2,5060.2,1.112,4,89.77861661,54.77225575,71.13508277,0.106160196,1.386294361,54.77225575,89.77861661
320,Offshore,5,T3C.01.180627.011015.52,14434.3,10892.2,10803.6,14434.3,3630.7,0.814,4,120.1428317,104.3657032,60.25529022,-0.205794913,1.386294361,103.9403675,120.1428317
321,Offshore,5,T3C.01.180702.091023.67,14035.8,7128.6,7128.6,14035.8,6907.2,0.661,2,118.4727817,84.43103695,83.10956624,-0.414001439,0.693147181,84.43103695,118.4727817
322,Offshore,5,T3C.01.180702.191005.60,7084.3,9165.4,6375.9,9829.5,3453.6,0.908,5,84.16828381,95.7360956,58.76733787,-0.0965109,1.609437912,79.84923293,99.14383491
323,Offshore,5,T3C.01.180703.154000.41,15541.3,8988.3,8988.3,19969,10980.7,1.289,4,124.6647504,94.80664534,104.7888353,0.253866724,1.386294361,94.80664534,141.3117122
324,Offshore,5,T3C.01.180705.100047.44,7217.2,7925.6,7040.1,11954.8,4914.7,0.957,4,84.95410526,89.02583895,70.10492137,-0.043951888,1.386294361,83.90530377,109.338008
325,Offshore,5,T3C.01.180711.131003.98,16471.1,8501.2,8501.2,16471.1,7969.9,0.583,2,128.3397834,92.20195226,89.27429641,-0.539568093,0.693147181,92.20195226,128.3397834
326,Offshore,5,T3C.01.180713.062057.69,10050.9,7217.2,6464.5,15674.1,9209.6,1.417,7,100.254177,84.95410526,95.96666088,0.348541961,1.945910149,80.4021144,125.196246
327,Offshore,5,T3C.01.180716.082020.66,9121.1,9918.1,9121.1,13770.2,4649.1,1.079,8,95.50445016,99.5896581,68.18430905,0.076034686,2.079441542,95.50445016,117.3464955
328,Offshore,5,T3C.01.180720.032009.78,8014.2,5003.3,5003.3,11644.9,6641.6,0.566,3,89.52206432,70.73400879,81.49601217,-0.569161201,1.098612289,70.73400879,107.9115378
329,Offshore,5,T3C.01.180720.234055.97,12619,7792.8,7792.8,12619,4826.2,0.839,2,112.3343224,88.27683728,69.4708572,-0.175544573,0.693147181,88.27683728,112.3343224
330,Offshore,5,T3C.01.180721.072001.42,10228,7571.4,7571.4,16559.6,8988.2,1.221,5,101.133575,87.01379201,94.80611795,0.199670195,1.609437912,87.01379201,128.6841094
331,Offshore,5,T3C.01.180722.171055.04,10670.8,6685.8,6375.9,10670.8,4294.9,0.798,3,103.2995644,81.76674141,65.53548657,-0.225646682,1.098612289,79.84923293,103.2995644
332,Offshore,5,T3C.01.180803.172010.88,10360.8,8412.7,8102.7,10360.8,2258.1,0.713,3,101.788015,91.72077191,47.51946969,-0.338273859,1.098612289,90.01499875,101.788015
333,Offshore,5,T3C.01.180803.185005.01,12043.4,5578.9,5578.9,12619,7040.1,1.118,5,109.7424257,74.69203438,83.90530377,0.111541375,1.609437912,74.69203438,112.3343224
334,Offshore,5,T3C.01.180803.190022.28,10980.7,13770.2,9209.6,13770.2,4560.6,0.737,3,104.7888353,117.3464955,67.53221453,-0.305167387,1.098612289,95.96666088,117.3464955
335,Offshore,5,T3C.01.180803.194046.79,13238.9,7659.9,7659.9,13238.9,5579,0.89,2,115.0604189,87.52085466,74.69270379,-0.116533816,0.693147181,87.52085466,115.0604189
336,Offshore,5,T3C.01.180813.090045.14,7482.8,11025,7482.8,12796.1,5313.3,0.641,3,86.50317913,105,72.89238643,-0.444725822,1.098612289,86.50317913,113.1198479
337,Offshore,5,T3C.01.180813.225048.86,19260.5,7305.7,7305.7,19260.5,11954.8,0.799,2,138.7822035,85.47338767,109.338008,-0.224394333,0.693147181,85.47338767,138.7822035
338,Offshore,5,T3C.01.180814.010040.84,10980.7,12707.5,6685.8,12707.5,6021.7,1.104,4,104.7888353,112.7275477,77.5996134,0.098939948,1.386294361,81.76674141,112.7275477
339,Offshore,5,T3C.01.180814.011049.73,7748.5,11689.2,7748.5,11689.2,3940.7,0.817,2,88.02556447,108.1166037,62.77499502,-0.202116184,0.693147181,88.02556447,108.1166037
340,Offshore,5,T3C.01.180814.201018.25,8279.8,10847.9,6730.1,10847.9,4117.8,0.831,4,90.99340635,104.1532525,64.17008649,-0.185125484,1.386294361,82.03718669,104.1532525
341,Offshore,5,T3C.01.180815.015010.94,8191.3,5578.9,5578.9,9386.7,3807.8,0.699,3,90.50580092,74.69203438,61.70737395,-0.358104537,1.098612289,74.69203438,96.88498336
342,Offshore,5,T3C.01.180818.032047.98,8279.8,7704.2,7172.9,12486.1,5313.2,1.167,5,90.99340635,87.77357233,72.89170049,0.154436353,1.609437912,84.69297492,111.7412189
343,Offshore,5,T3C.01.180824.220026.11,8545.5,11733.4,8545.5,21740.1,13194.6,1.429,3,92.44187363,108.3208198,114.86775,0.356974899,1.098612289,92.44187363,147.4452441
344,Offshore,5,T3C.01.180827.224034.02,13371.7,11512,6021.7,13371.7,7350,1.336,4,115.636067,107.2939886,85.732141,0.289680075,1.386294361,77.5996134,115.636067
345,Offshore,5,T3C.02.180702.191001.19,6818.7,10892.2,6818.7,10892.2,4073.5,0.422,2,82.57542007,104.3657032,63.82397669,-0.862749965,0.693147181,82.57542007,104.3657032
346,Offshore,5,T3C.02.180716.083035.21,11025,19635.3,8412.7,19635.3,11222.6,1.038,3,105,140.1260147,105.9367736,0.037295785,1.098612289,91.72077191,140.1260147
347,Offshore,5,T3C.02.180720.032017.23,15098.5,13991.6,10272.3,15098.5,4826.2,0.387,3,122.8759537,118.2860939,69.4708572,-0.949330586,1.098612289,101.3523557,122.8759537
348,Offshore,5,T3C.02.180721.082010.45,10670.8,18197.9,9253.9,18197.9,8944,0.653,3,103.2995644,134.8995923,94.57272334,-0.42617815,1.098612289,96.19719331,134.8995923
349,Offshore,5,T3C.02.180803.185058.69,8102.7,8476,8102.7,14257.2,6154.5,1.063,3,90.01499875,92.06519429,78.45062141,0.061095099,1.098612289,90.01499875,119.4035175
350,Offshore,5,T3C.02.180813.223044.86,7615.7,15319.9,7615.7,15319.9,7704.2,1.551,2,87.26797809,123.7735836,87.77357233,0.438899884,0.693147181,87.26797809,123.7735836
351,Offshore,5,T3C.03.180720.032036.83,13814.5,10316.6,10316.6,20057.5,9740.9,1.465,5,117.5351011,101.5706651,98.69599789,0.381855242,1.609437912,101.5706651,141.6245035
352,Offshore,5,T3C.04.180703.154046.44,11467.8,12707.5,8855.4,18197.9,9342.5,0.313,5,107.0878144,112.7275477,96.65660867,-1.161552088,1.609437912,94.10313491,134.8995923
353,Offshore,5,T3C.04.180720.032051.72,14522.9,16161.1,10980.7,16161.1,5180.4,0.847,3,120.5109953,127.1263151,71.97499566,-0.166054584,1.098612289,104.7888353,127.1263151
354,Offshore,5,T3C.02.180828.153045.30,6204.5,6347.7,6204.5,14509.1,8304.6,0.779,3,78.76864859,79.67245446,91.12957807,-0.249744233,1.098612289,78.76864859,120.4537256
355,Offshore,5,T3C.01.180828.153008.04,3952.8,5143.4,3952.8,5143.4,1190.6,0.449,2,62.87129711,71.71750135,34.50507209,-0.800732391,0.693147181,62.87129711,71.71750135
356,Offshore,5,T3C.01.180828.141049.89,9115.9,5918.2,4915.9,12981.8,8065.9,0.778,5,95.47722241,76.92983816,89.81035575,-0.251028755,1.609437912,70.11347945,113.9377023
357,Offshore,5,T3C.01.180828.155003.67,7827.3,16990.9,7827.3,17850,10022.7,1.021,4,88.47202948,130.3491465,100.1134357,0.020782539,1.386294361,88.47202948,133.6038922