site,whistle,date,SiteIndex
2,20160729_230128.056.ctr,7/29/16,1
2,20160729_231127.809.ctr,7/29/16,2
2,20160729_231703.601.ctr,7/29/16,3
2,20160730_010910.094.ctr,7/30/16,4
2,20160730_011006.447.ctr,7/30/16,5
2,20160730_011013.529.ctr,7/30/16,6
2,20160730_011125.975.ctr,7/30/16,7
2,20160730_011127.310.ctr,7/30/16,8
2,20160730_011513.856,7/30/16,9
2,20160731_010614.579.ctr,7/31/16,10
2,20160731_230002.515.ctr,7/31/16,11
2,20160731_230004.039.ctr,7/31/16,12
2,20160802_000008.180.ctr,8/2/16,13
2,20160802_000013.642.ctr,8/2/16,14
2,20160802_000019.122.ctr,8/2/16,15
2,20160802_000109.165.ctr,8/2/16,16
2,20160802_000538.999.ctr,8/2/16,17
2,20160802_001442.101.ctr,8/2/16,18
2,20160802_001659.729.ctr,8/2/16,19
2,20160802_030607.780.ctr,8/2/16,20
2,20160802_030607.781.ctr,8/2/16,21
2,20160804_210659.115.ctr,8/4/16,22
2,20160804_211532.690.ctr,8/4/16,23
2,20160804_230341.325.ctr,8/4/16,24
2,20160804_230346.708.ctr,8/4/16,25
2,20160804_230346.709.ctr,8/4/16,26
2,20160804_230356.577.ctr,8/4/16,27
2,20160804_230413.343.ctr,8/4/16,28
2,20160804_230437.592.ctr,8/4/16,29
2,20160804_230701.899.ctr,8/4/16,30
2,20160804_230731.327.ctr,8/4/16,31
2,20160804_231418.667.ctr,8/4/16,32
2,20160804_231422.014.ctr,8/4/16,33
2,20160804_231453.661.ctr,8/4/16,34
2,20160804_231931.419.ctr,8/4/16,35
2,20160804_231948.951.ctr,8/4/16,36
2,20160805_010844.029.ctr,8/5/16,37
2,20160805_010919.226.ctr,8/5/16,38
2,20160805_011616.892,8/5/16,39
2,20160805_011618.725,8/5/16,40
2,20160805_011825.850,8/5/16,41
2,20160805_011832.089,8/5/16,42
2,20160805_210032.043.ctr,8/5/16,43
2,20160805_210345.867.ctr,8/5/16,44
2,20160805_210735.186.ctr,8/5/16,45
2,20160805_211855.049.ctr,8/5/16,46
2,20160806_010226.996.ctr,8/6/16,47
2,20160806_011401.393.ctr,8/6/16,48
2,20160808_011050.940.ctr,8/8/16,50
2,20160808_011505.161.ctr,8/8/16,51
2,20160810_221935.248.ctr,8/10/16,52
2,20160811_001059.917.ctr,8/11/16,54
2,20160811_001327.035.ctr,8/11/16,55
2,20160815_220047.705.ctr,8/15/16,57
2,20160815_220048.975.ctr,8/15/16,58
2,20160815_220050.202,8/15/16,59
2,20160815_220051.404.ctr,8/15/16,60
2,20160815_220104.680,8/15/16,61
2,20160815_220130.503,8/15/16,62
2,20160815_220134.034,8/15/16,63
2,20160815_220843.800.ctr,8/15/16,64
2,20160815_220847.666,8/15/16,65
2,20160815_220956.677.ctr,8/15/16,66
2,20160815_221010.443.ctr,8/15/16,67
2,20160815_221222.660,8/15/16,68
2,20160815_221700.569.ctr,8/15/16,69
2,20160815_221707.118.ctr,8/15/16,70
2,20160817_230021.071.ctr,8/17/16,71
2,20160818_230226.875.ctr,8/18/16,72
2,20160818_230411.163.ctr,8/18/16,73
2,20160818_230623.114.ctr,8/18/16,74
2,20160819_000843.497.ctr,8/19/16,75
2,20160819_001013.250,8/19/16,77
2,20160819_230345.180.ctr,8/19/16,78
2,20160819_230702.659,8/19/16,79
2,20160822_180027.186.ctr,8/22/16,80
2,20160822_180028.753.ctr,8/22/16,81
2,20160822_180758.307.ctr,8/22/16,82
2,20160822_181543.684.ctr,8/22/16,83
2,20160822_181547.023.ctr,8/22/16,84
2,20160822_181549.421.ctr,8/22/16,85
2,20160823_200032.322.ctr,8/23/16,86
2,20160823_200038.505.ctr,8/23/16,87
2,20160824_231656.635.ctr,8/24/16,88
2,20160824_231751.757.ctr,8/24/16,89
2,20160827_230128.756.ctr,8/27/16,90
2,20160904_000626.472.ctr,9/4/16,91
2,20160904_000648.945.ctr,9/4/16,92
2,20160904_000659.060.ctr,9/4/16,93
2,20160904_000701.521,9/4/16,94
2,20160907_190533.637.ctr,9/7/16,95
2,20170111_001025.ctr,1/11/17,96
2,20170112_071027.ctr,1/12/17,97
2,20170112_231715.ctr,1/12/17,98
2,20170112_231728.ctr,1/12/17,99
2,20170114_110304.ctr,1/14/17,100
2,20170114_110312.ctr,1/14/17,101
2,20170115_190834.ctr,1/15/17,102
2,20170115_231914.ctr,1/15/17,103
2,20170115_231921.ctr,1/15/17,104
2,20170116_000843.ctr,1/16/17,105
2,20170116_030612.ctr,1/16/17,106
2,20170117_010015.ctr,1/17/17,107
2,20170117_011124.ctr,1/17/17,108
2,20170117_011726.ctr,1/17/17,109
2,20170117_011737.ctr,1/17/17,110
2,20170118_070834.ctr,1/18/17,111
2,20170118_071703.ctr,1/18/17,112
2,20170119_221027.ctr,1/19/17,114
2,20170120_051732.ctr,1/20/17,115
2,20170121_030619.ctr,1/21/17,116
2,20170121_050359.ctr,1/21/17,117
2,20170121_050505.ctr,1/21/17,118
2,20170125_201236,1/25/17,120
2,20170125_201621.ctr,1/25/17,121
2,20170125_201625.ctr,1/25/17,122
2,20170129_210743.ctr,1/29/17,123
2,20170129_210758.ctr,1/29/17,124
2,20170130_030141.ctr,1/30/17,126
2,20170130_030244.ctr,1/30/17,127
2,20170130_030306.ctr,1/30/17,128
2,20170131_211849.ctr,1/31/17,129
2,20170131_211919.ctr,1/31/17,130
2,20170202_041521.ctr,2/2/17,133
2,20170202_041735.ctr,2/2/17,134
2,20170202_041737,2/2/17,135
2,20170203_080812.ctr,2/3/17,136
2,20170205_180402.ctr,2/5/17,137
2,20170206_170218.ctr,2/6/17,139
2,20170206_170522.ctr,2/6/17,140
2,20170213_011117.ctr,2/13/17,141
2,20170213_011433.ctr,2/13/17,142
2,20170217_071543.ctr,2/17/17,143
2,20170218_021741.ctr,2/18/17,144
2,20170220_041849.ctr,2/20/17,145
2,20170220_041932.ctr,2/20/17,146
2,20170222_001009.ctr,2/22/17,148
2,20170226_221407.ctr,2/26/17,149
2,20170226_221728,2/26/17,151
2,20170228_001055.ctr,2/28/17,154
2,20170301_001048.ctr,3/1/17,155
2,20170301_001746.ctr,3/1/17,156
2,20170309_081834.ctr,3/9/17,158
2,20170309_081846.ctr,3/9/17,159
2,20170309_081923.ctr,3/9/17,160
2,20170310_061900.ctr,3/10/17,161
2,20170310_061906.ctr,3/10/17,162
2,20170311_090637.ctr,3/11/17,163
2,20170311_090639.ctr,3/11/17,164
2,20170312_121905.ctr,3/12/17,165
2,20170325_231515.ctr,3/25/17,166
2,20170325_231536,3/25/17,167
2,20170325_231702.ctr,3/25/17,168
2,20170616_211008.ctr,6/16/17,170
2,20170621_231834.ctr,6/21/17,172
2,20170622_221640.ctr,6/22/17,173
2,20170622_221643.ctr,6/22/17,174
2,20170622_221811.ctr,6/22/17,175
2,20170622_221814,6/22/17,176
2,20170624_190506.ctr,6/24/17,177
2,20170626_050739.ctr,6/26/17,178
2,20170626_210632.ctr,6/26/17,179
2,20170626_210946.ctr,6/26/17,180
2,20170626_211724.ctr,6/26/17,181
2,20170629_001435.ctr,6/29/17,182
2,20170701_231440.ctr,7/1/17,183
2,20170701_231449.ctr,7/1/17,184
2,20170702_210806.ctr,7/2/17,185
2,20170702_230855.ctr,7/2/17,186
2,20170706_040645.ctr,7/6/17,187
2,20170707_021814.ctr,7/7/17,188
2,20170707_021817.ctr,7/7/17,189
2,20170712_170311.ctr,7/12/17,190
2,20170712_170427.ctr,7/12/17,191
2,20170712_170442,7/12/17,192
2,20170712_170444,7/12/17,193
2,20170712_171659.ctr,7/12/17,194
2,20170720_200648.ctr,7/20/17,195
2,20170729_020347.ctr,7/29/17,196
2,20170729_020442.ctr,7/29/17,197
2,20170729_020515.ctr,7/29/17,198
2,20170729_020553,7/29/17,199
2,20170730_230627.ctr,7/30/17,200
2,20170730_230958.ctr,7/30/17,201
2,20170730_231150.ctr,7/30/17,202
2,20170730_231346.ctr,7/30/17,203
2,20170730_231355.ctr,7/30/17,204
2,20170730_231405,7/30/17,205
2,20170801_220624.ctr,8/1/17,206
2,20170809_190448.ctr,8/9/17,207
2,20170809_191943.ctr,8/9/17,208
2,20170815_031903.ctr,8/15/17,210
2,20170815_221934.ctr,8/15/17,211
2,20170816_171504.ctr,8/16/17,212
2,20170816_171514.ctr,8/16/17,213
2,20170816_171519.ctr,8/16/17,214
2,20170816_171705,8/16/17,216
2,20170816_180315.ctr,8/16/17,217
2,20170816_180327.ctr,8/16/17,218
2,20170903_011936.ctr,9/3/17,219
2,A5C.01.ch01.180713.233051.35..ctr',7/13/18,220
2,A5C.02.ch01.180713.233608.16..ctr',7/13/18,221
2,A5CKS.01.ch01.180714.003016.76..ctr',7/14/18,222
2,A5CKS.02.ch01.180714.010112.72..ctr',7/14/18,223
2,A5CKS.03.ch01.180714.014820.01..ctr',7/14/18,224
2,A5CKS.04.ch01.180714.020244.52..ctr',7/14/18,225
2,A5C.01.ch01.180715.200049.53..ctr',7/15/18,226
2,A5C.02.ch01.180715.200517.18..ctr',7/15/18,227
2,A5C.01.ch01.180724.231510.06..ctr',7/24/18,228
2,A5C.02.ch01.180724.231817.64..ctr',7/24/18,229
2,A5C.01.ch01.180725.061551.71..ctr',7/25/18,230
2,A5C.01.ch01.180725.221719.01..ctr',7/25/18,231
2,A5C.01.ch01.180725.224959.41..ctr',7/25/18,232
2,A5C.01.ch01.180726.024908.81..ctr',7/26/18,234
2,A5C.01.ch01.180727.063135.73..ctr',7/27/18,235
2,A5C.01.ch01.180729.213428.80..ctr',7/29/18,238
2,A5C.01.ch01.180729.214617.10..ctr',7/29/18,239
2,A5C.02.ch01.180729.211804.62..ctr',7/29/18,240
2,A5C.02.ch01.180729.214628.26..ctr',7/29/18,241
2,A5C.01.ch01.180730.021552.11..ctr',7/30/18,242
2,A5C.01.ch01.180730.023225.04..ctr',7/30/18,243
2,A5C.01.ch01.180730.024507.32..ctr',7/30/18,244
2,A5C.02.ch01.180730.021741.57..ctr',7/30/18,245
2,A5C.02.ch01.180730.024704.52..ctr',7/30/18,247
2,A5C.03.ch01.180730.023338.02..ctr',7/30/18,249
2,A5C.01.ch01.180731.001746.11..ctr',7/31/18,250
2,A5C.01.ch01.180731.004617.99..ctr',7/31/18,252
2,A5C.01.ch01.180802.223303.71..ctr',8/2/18,253
2,A5C.01.ch01.180803.023046.06..ctr',8/3/18,254
2,A5C.01.ch01.180814.200026.00..ctr',8/14/18,256
2,A5C.01.ch01.180814.201801.61..ctr',8/14/18,257
2,A5C.01.ch01.180814.204759.71..ctr',8/14/18,258
2,A5C.01.ch01.180815.210216.68..ctr',8/15/18,260
2,A5C.01.ch01.180818.070047.73..ctr',8/18/18,261
2,A5C.01.ch01.180820.040231.52..ctr',8/20/18,263
2,A5C.01.ch01.180821.213437.22..ctr',8/21/18,264
2,A5C.01.ch01.180909.033007.85..ctr',9/9/18,266
2,A5C.01.ch01.180909.191924.84..ctr',9/9/18,267
2,A5C.01.ch01.180910.220322.66..ctr',9/10/18,268
2,A5C.01.ch01.180918.221811.57..ctr',9/18/18,269
2,A5C.01.ch01.180919.013155.09..ctr',9/19/18,270
2,A5C.01.ch01.180920.014527.73..ctr',9/20/18,271
2,A5C.01.ch01.180924.091626.73..ctr',9/24/18,274
2,A5C.01.ch01.180925.190052.18..ctr',9/25/18,275
2,A5C.01.ch01.180925.193006.56..ctr',9/25/18,276
2,A5C.03.ch01.180925.193404.85..ctr',9/25/18,278
2,A5C.01.ch01.180927.220006.51..ctr',9/27/18,279
2,A5C.01.ch01.180927.221916.01..ctr',9/27/18,280
2,A5C.02.ch01.180927.220221.51..ctr',9/27/18,281
2,A5C.01.ch01.180929.211717.48..ctr',9/29/18,282
2,A5C.01.ch01.181012.021719.09..ctr',10/12/18,284
2,A5C.01.ch01.181012.234832.30..ctr',10/12/18,286
2,A5C.01.ch01.181013.061521.98..ctr',10/13/18,288
2,A5C.02.ch01.181013.061535.90..ctr',10/13/18,289
2,A5C.03.ch01.181013.061728.14..ctr',10/13/18,290
2,A5C.01.ch01.181031.051553.24..ctr',10/31/18,291
2,A5C.01.ch01.181031.234924.88..ctr',10/31/18,292
2,A5C.01.ch01.181105.200055.20..ctr',11/5/18,294
2,A5C.02.ch01.181105.200225.15..ctr',11/5/18,295
2,A5C.01.ch01.181107.121840.55..ctr',11/7/18,297
2,A5C.01.ch01.181112.051629.40..ctr',11/12/18,298
2,A5C.01.ch01.181112.053001.20..ctr',11/12/18,299
2,A5C.02.ch01.181112.053416.67..ctr',11/12/18,300
2,A5C.01.ch01.181118.160223.47..ctr',11/18/18,301
2,A5C.01.ch01.181118.161523.65..ctr',11/18/18,302
2,A5C.02.ch01.181118.160233.79..ctr',11/18/18,303
2,A5C.03.ch01.181118.160453.96..ctr',11/18/18,304
2,A5C.01.ch01.181119.000021.35..ctr',11/19/18,305
2,A5C.01.ch01.181119.001602.26..ctr',11/19/18,306
2,A5C.01.ch01.181119.004550.33..ctr',11/19/18,307
2,A5C.02.ch01.181119.000034.83..ctr',11/19/18,308
2,A5C.02.ch01.181119.001711.10..ctr',11/19/18,309
2,A5C.07.ch01.181119.000408.03..ctr',11/19/18,313
2,A5C.08.ch01.181119.000150.44..ctr',11/19/18,314
2,A5C.01.ch01.181126.014615.33..ctr',11/26/18,315
2,A5C.01.ch01.181126.020018.77..ctr',11/26/18,316
2,A5C.01.ch01.181126.021803.11..ctr',11/26/18,317
2,A5C.01.ch01.181126.024518.28..ctr',11/26/18,318
2,A5C.01.ch01.181126.031518.38..ctr',11/26/18,319
2,A5C.02.ch01.181126.020225.24..ctr',11/26/18,320
2,A5C.02.ch01.181126.021926.98..ctr',11/26/18,321
2,A5C.02.ch01.181126.024528.35..ctr',11/26/18,322
2,A5C.02.ch01.181126.031555.83..ctr',11/26/18,323
2,A5C.01.ch01.181130.171511.60..ctr',11/30/18,327
2,A5C.01.ch01.181130.173006.92..ctr',11/30/18,328
2,A5C.01.ch01.181130.190031.98..ctr',11/30/18,329
2,A5C.01.ch01.181130.191652.29..ctr',11/30/18,330
2,A5C.02.ch01.181130.171614.19..ctr',11/30/18,332
2,A5C.02.ch01.181130.173254.11..ctr',11/30/18,333
2,A5C.02.ch01.181130.191658.42..ctr',11/30/18,334
2,A5C.03.ch01.181130.171638.03..ctr',11/30/18,336
2,A5C.03.ch01.181130.173350.80..ctr',11/30/18,337
2,A5C.05.ch01.181130.181801.94..ctr',11/30/18,339
2,A5C.01.ch01.181201.071927.50..ctr',12/1/18,340
2,A5C.01.ch01.181201.174733.23..ctr',12/1/18,341
2,A5C.01.ch01.181201.190204.84..ctr',12/1/18,342
2,A5C.01.ch01.181201.214542.70..ctr',12/1/18,343
2,A5C.02.ch01.181201.174948.03..ctr',12/1/18,344
2,A5C.01.ch01.181202.074811.03..ctr',12/2/18,345
2,A5C.01.ch01.181202.080126.27..ctr',12/2/18,346
2,A5C.01.ch01.181202.103133.90..ctr',12/2/18,348
2,A5C.02.ch01.181202.074845.76..ctr',12/2/18,350
2,A5C.02.ch01.181202.091557.32..ctr',12/2/18,353
2,A5C.03.203431,12/2/18,355
2,A5C.03.ch01.181202.080223.89..ctr',12/2/18,356
2,A5C.03.ch01.181202.090339.14..ctr',12/2/18,357
2,A5C.03.ch01.181202.091634.72..ctr',12/2/18,358
2,A5C.03.ch01.181202.1726.99..ctr',12/2/18,359
2,A5C.03.ch01.181202.201726.99..ctr',12/2/18,360
2,A5C.04.ch01.181202.090355.84..ctr',12/2/18,361
2,A5C.04.ch01.181202.201907.84..ctr',12/2/18,362
2,A5C.05.ch01.181202.091759.22..ctr',12/2/18,363
2,A5C.05.ch01.181202.201953.93..ctr',12/2/18,364
2,A5C.06.ch01.181202.124100.31..ctr',12/2/18,366
2,A5C.07.ch01.181202.091811.95..ctr',12/2/18,367
2,A5C.07.ch01.181202.124128.25..ctr',12/2/18,368
2,A5C.08.ch01.181202.124434.12..ctr',12/2/18,370
2,A5C.09.ch01.181202.091828.02..ctr',12/2/18,371
2,A5C.16.ch01.181202.091955.03..ctr',12/2/18,372
2,A5C.03.ch01.181203.034640.51..ctr',12/3/18,375
2,A5C.04.ch01.181203.032003.68..ctr',12/3/18,376
2,A5C.05.ch01.181203.032431.75..ctr',12/3/18,377
2,A5C.06.ch01.181203.032010.32..ctr',12/3/18,378
2,A5C.01.164626,12/3/318,380
2,A5C.02.164652,12/3/318,381
2,A5C.03.164704,12/3/318,382
2,A5C.04.164700,12/3/318,383
3,1.021504,6/23/18,1
3,2.013615,6/23/18,2
3,1.152047,6/25/18,3
3,3.15214,6/25/18,4
3,10.152302,6/25/18,5
3,11.15231,6/25/18,6
3,15.152413,6/25/18,7
3,31.161133,6/25/18,10
3,36.161823,6/25/18,11
3,8.085614,7/2/18,12
3,10.002806,7/9/18,13
3,11.044138,7/9/18,14
3,17.051113,7/9/18,15
3,20.051325,7/9/18,16
3,21.052612,7/9/18,17
3,29.025623,7/10/18,18
3,30.03111,7/10/18,19
3,59.00421,7/29/18,21
3,61.00574,7/29/18,22
4,Pot.01.190602.083606.85.ctr',6/2/19,1
4,Pot.01.190602.084504.24.ctr',6/2/19,2
4,Pot.01.190602.090529.72.ctr',6/2/19,3
4,Pot.01.190602.202500.98.ctr',6/2/19,4
4,Pot.01.190602.203504.70.ctr',6/2/19,5
4,Pot.01.190602.204521.40.ctr',6/2/19,6
4,Pot.01.190602.205503.53.ctr',6/2/19,7
4,Pot.01.190602.210601.73.ctr',6/2/19,8
4,Pot.01.190602.212524.78.ctr',6/2/19,9
4,Pot.01.190611.115548.02.ctr',6/11/19,10
4,Pot.01.190611.121500.04.ctr',6/11/19,11
4,Pot.01.190611.155609.43.ctr',6/11/19,12
4,Pot.01.190611.170501.98.ctr',6/11/19,13
4,Pot.01.190611.182504.58.ctr',6/11/19,14
4,Pot.01.190611.184514.69.ctr',6/11/19,15
4,Pot.01.190611.185657.04.ctr',6/11/19,16
4,Pot.01.190611.215509.58.ctr',6/11/19,17
4,Pot.01.190611.233518.07.ctr',6/11/19,18
4,Pot.01.190613.190644.13.ctr',6/13/19,19
4,Pot.01.190613.191653.13.ctr',6/13/19,20
4,Pot.01.190613.193529.46.ctr',6/13/19,21
4,Pot.01.190613.195551.88.ctr',6/13/19,22
4,Pot.01.190613.214652.58.ctr',6/13/19,23
4,Pot.01.190613.220611.58.ctr',6/13/19,24
4,Pot.01.190613.222526.28.ctr',6/13/19,25
4,Pot.01.190618.123525.01.ctr',6/18/19,26
4,Pot.01.190618.125548.74.ctr',6/18/19,27
4,Pot.01.190618.130503.25.ctr',6/18/19,28
4,Pot.01.190618.131651.12.ctr',6/18/19,29
4,Pot.01.190619.103526.67.ctr',6/19/19,30
4,Pot.01.190619.104536.88.ctr',6/19/19,31
4,Pot.01.190619.150504.83.ctr',6/19/19,32
4,Pot.01.190619.155512.39.ctr',6/19/19,33
4,Pot.01.190623.233631.93.ctr',6/23/19,34
4,Pot.01.190626.120522.97.ctr',6/26/19,35
4,Pot.01.190626.121646.53.ctr',6/26/19,36
4,Pot.01.190626.122625.00.ctr',6/26/19,37
4,Pot.01.190626.132556.98.ctr',6/26/19,38
4,Pot.01.190626.164528.11.ctr',6/26/19,39
4,Pot.01.190626.171556.80.ctr',6/26/19,40
4,Pot.01.190626.172632.44.ctr',6/26/19,41
4,Pot.01.190627.080551.48.ctr',6/27/19,42
4,Pot.01.190627.084639.52.ctr',6/27/19,43
4,Pot.01.190627.085611.91.ctr',6/27/19,44
4,Pot.01.190628.124504.11.ctr',6/28/19,45
4,Pot.01.190628.130545.10.ctr',6/28/19,46
4,Pot.01.190628.152605.32.ctr',6/28/19,47
4,Pot.01.190628.164538.76.ctr',6/28/19,48
4,Pot.01.190628.171623.80.ctr',6/28/19,49
4,Pot.01.190629.025507.71.ctr',6/29/19,50
4,Pot.01.190629.031557.73.ctr',6/29/19,51
4,Pot.01.190629.033539.24.ctr',6/29/19,52
4,Pot.01.190629.072643.31.ctr',6/29/19,53
4,Pot.01.190629.174540.76.ctr',6/29/19,54
4,Pot.01.190629.180512.71.ctr',6/29/19,55
4,Pot.01.190629.182534.42.ctr',6/29/19,56
4,Pot.01.190629.184631.98.ctr',6/29/19,57
4,Pot.01.190630.174509.31.ctr',6/30/19,58
4,Pot.02.190602.084520.95.ctr',6/2/19,59
4,Pot.02.190602.090556.80.ctr',6/2/19,60
4,Pot.02.190602.202529.50.ctr',6/2/19,61
4,Pot.02.190602.205500.45.ctr',6/2/19,62
4,Pot.02.190602.210625.07.ctr',6/2/19,63
4,Pot.02.190611.000600.66.ctr',6/11/19,64
4,Pot.02.190611.121648.46.ctr',6/11/19,65
4,Pot.02.190611.170505.73.ctr',6/11/19,66
4,Pot.02.190611.182518.20.ctr',6/11/19,67
4,Pot.02.190613.193608.53.ctr',6/13/19,68
4,Pot.02.190618.123619.71.ctr',6/18/19,69
4,Pot.02.190618.130610.64.ctr',6/18/19,70
4,Pot.02.190619.152518.06.ctr',6/19/19,71
4,Pot.02.190619.153637.27.ctr',6/19/19,72
4,Pot.02.190619.155518.10.ctr',6/19/19,73
4,Pot.02.190623.233641.68.ctr',6/23/19,74
4,Pot.02.190626.120549.18.ctr',6/26/19,75
4,Pot.02.190626.164614.97.ctr',6/26/19,76
4,Pot.02.190627.082635.58.ctr',6/27/19,77
4,Pot.02.190628.122653.68.ctr',6/28/19,78
4,Pot.02.190628.124547.65.ctr',6/28/19,79
4,Pot.02.190628.125537.05.ctr',6/28/19,80
4,Pot.02.190628.131634.39.ctr',6/28/19,81
4,Pot.02.190628.152625.55.ctr',6/28/19,82
4,Pot.02.190628.153609.11.ctr',6/28/19,83
4,Pot.02.190629.031601.14.ctr',6/29/19,84
4,Pot.02.190629.033545.15.ctr',6/29/19,85
4,Pot.02.190630.174633.51.ctr',6/30/19,86
4,Pot.03.190602.084523.36.ctr',6/2/19,87
4,Pot.03.190602.090611.86.ctr',6/2/19,88
4,Pot.03.190602.202550.07.ctr',6/2/19,89
4,Pot.03.190602.205537.23.ctr',6/2/19,90
4,Pot.03.190611.182520.38.ctr',6/11/19,91
4,Pot.03.190613.193627.36.ctr',6/13/19,92
4,Pot.03.190619.152600.59.ctr',6/19/19,93
4,Pot.03.190619.153639.31.ctr',6/19/19,94
4,Pot.03.190626.132620.25.ctr',6/26/19,95
4,Pot.03.190628.125657.17.ctr',6/28/19,96
4,Pot.03.190628.171625.42.ctr',6/28/19,97
4,Pot.03.190629.031603.00.ctr',6/29/19,98
4,Pot.03.190630.174639.23.ctr',6/30/19,99
4,Pot.04.190611.182522.42.ctr',6/11/19,100
4,Pot.04.190619.153636.33.ctr',6/19/19,101
4,Pot.04.190628.130556.07.ctr',6/28/19,102
4,Pot.04.190629.031609.23.ctr',6/29/19,103
4,Pot.05.190602.210643.17.ctr',6/2/19,104
4,Pot.05.190623.233635.68.ctr',6/23/19,105
4,Pot.05.190628.130608.23.ctr',6/28/19,106
4,Pot.05.190629.031609.87.ctr',6/29/19,107
4,Pot.06.190611.182613.99.ctr',6/11/19,108
4,Pot.06.190629.031616.82.ctr',6/29/19,109
4,Pot.07.190628.130633.68.ctr',6/28/19,110
4,Pot.07.190629.031620.66.ctr',6/29/19,111
4,Pot.08.190628.130652.48.ctr',6/28/19,112
4,Pot.08.190629.031625.72.ctr',6/29/19,113
4,Pot.01.190701.184521.76.ctr',7/1/19,114
4,Pot.01.190702.164506.85.ctr',7/2/19,115
4,Pot.01.190703.190654.49.ctr',7/3/19,116
4,Pot.01.190703.235606.06.ctr',7/3/19,117
4,Pot.01.190704.000531.51.ctr',7/4/19,118
4,Pot.01.190704.001516.42.ctr',7/4/19,119
4,Pot.01.190704.003635.79.ctr',7/4/19,120
4,Pot.02.190703.235606.47.ctr',7/3/19,121
4,Pot.02.190704.000540.49.ctr',7/4/19,122
4,Pot.02.190704.001536.88.ctr',7/4/19,123
4,Pot.02.190704.002603.66.ctr',7/4/19,124
4,Pot.03.190703.233511.65.ctr',7/3/19,125
4,Pot.03.190704.000557.80.ctr',7/4/19,126
4,Pot.03.190704.001653.70.ctr',7/4/19,127
4,Pot.03.190704.002622.62.ctr',7/4/19,128
4,Pot.04.190702.164652.61.ctr',7/2/19,129
4,Pot.04.190704.002625.42.ctr',7/4/19,130
4,Pot.05.190703.233621.02.ctr',7/3/19,131
4,Pot.01.190803.114642.46.ctr',8/3/19,132
4,Pot.01.190803.115511.65.ctr',8/3/19,133
4,Pot.01.190803.122636.30.ctr',8/3/19,134
4,Pot.01.190803.124516.61.ctr',8/3/19,135
4,Pot.01.190803.132623.01.ctr',8/3/19,136
4,Pot.01.190803.135512.67.ctr',8/3/19,137
4,Pot.01.190803.140536.61.ctr',8/3/19,138
4,Pot.01.190803.150536.81.ctr',8/3/19,139
4,Pot.01.190803.154613.27.ctr',8/3/19,140
4,Pot.01.190803.160532.42.ctr',8/3/19,141
4,Pot.01.190803.162513.83.ctr',8/3/19,142
4,Pot.01.190803.164550.16.ctr',8/3/19,143
4,Pot.01.190803.221612.35.ctr',8/3/19,144
4,Pot.01.190803.225501.00.ctr',8/3/19,145
4,Pot.01.190803.231605.41.ctr',8/3/19,146
4,Pot.01.190803.232541.56.ctr',8/3/19,147
4,Pot.01.190803.234555.01.ctr',8/3/19,148
4,Pot.01.190804.020518.99.ctr',8/4/19,149
4,Pot.01.190804.030542.56.ctr',8/4/19,150
4,Pot.01.190804.041603.74.ctr',8/4/19,151
4,Pot.01.190805.022649.20.ctr',8/5/19,152
4,Pot.01.190805.023533.73.ctr',8/5/19,153
4,Pot.01.190805.025539.86.ctr',8/5/19,154
4,Pot.01.190805.033557.61.ctr',8/5/19,155
4,Pot.01.190805.034526.93.ctr',8/5/19,156
4,Pot.01.190805.035506.21.ctr',8/5/19,157
4,Pot.01.190805.130506.70.ctr',8/5/19,158
4,Pot.01.190805.133600.22.ctr',8/5/19,159
4,Pot.01.190805.170548.35.ctr',8/5/19,160
4,Pot.01.190805.171558.85.ctr',8/5/19,161
4,Pot.01.190805.173633.79.ctr',8/5/19,162
4,Pot.01.190805.180551.15.ctr',8/5/19,163
4,Pot.01.190806.050623.25.ctr',8/6/19,164
4,Pot.01.190806.055509.87.ctr',8/6/19,165
4,Pot.01.190806.211619.91.ctr',8/6/19,166
4,Pot.01.190806.214504.73.ctr',8/6/19,167
4,Pot.01.190806.215654.28.ctr',8/6/19,168
4,Pot.01.190806.230549.47.ctr',8/6/19,169
4,Pot.01.190806.231552.74.ctr',8/6/19,170
4,Pot.01.190806.233614.93.ctr',8/6/19,171
4,Pot.01.190807.000603.34.ctr',8/7/19,172
4,Pot.01.190807.002658.53.ctr',8/7/19,173
4,Pot.01.190807.004526.79.ctr',8/7/19,174
4,Pot.01.190807.005515.93.ctr',8/7/19,175
4,Pot.01.190807.010553.45.ctr',8/7/19,176
4,Pot.01.190807.020503.16.ctr',8/7/19,177
4,Pot.01.190807.021550.41.ctr',8/7/19,178
4,Pot.01.190807.072640.54.ctr',8/7/19,179
4,Pot.01.190807.074531.33.ctr',8/7/19,180
4,Pot.01.190807.080550.21.ctr',8/7/19,181
4,Pot.01.190808.070514.02.ctr',8/8/19,182
4,Pot.01.190808.072522.09.ctr',8/8/19,183
4,Pot.01.190808.085515.17.ctr',8/8/19,184
4,Pot.01.190810.035549.64.ctr',8/10/19,185
4,Pot.01.190810.041542.76.ctr',8/10/19,186
4,Pot.01.190810.061519.53.ctr',8/10/19,187
4,Pot.01.190810.140504.41.ctr',8/10/19,188
4,Pot.01.190810.142609.04.ctr',8/10/19,189
4,Pot.01.190810.143557.59.ctr',8/10/19,190
4,Pot.01.190810.215553.65.ctr',8/10/19,191
4,Pot.01.190814.000512.39.ctr',8/14/19,192
4,Pot.01.190814.005504.75.ctr',8/14/19,193
4,Pot.01.190814.030626.52.ctr',8/14/19,194
4,Pot.01.190814.082535.58.ctr',8/14/19,195
4,Pot.02.190803.122642.52.ctr',8/3/19,196
4,Pot.02.190803.124533.07.ctr',8/3/19,197
4,Pot.02.190803.140659.16.ctr',8/3/19,198
4,Pot.02.190803.153627.86.ctr',8/3/19,199
4,Pot.02.190803.154615.01.ctr',8/3/19,200
4,Pot.02.190803.160518.59.ctr',8/3/19,201
4,Pot.02.190803.162627.94.ctr',8/3/19,202
4,Pot.02.190803.164631.49.ctr',8/3/19,203
4,Pot.02.190803.221637.37.ctr',8/3/19,204
4,Pot.02.190803.230558.00..ctr',8/3/19,205
4,Pot.02.190803.231610.10.ctr',8/3/19,206
4,Pot.02.190803.234604.48.ctr',8/3/19,207
4,Pot.02.190804.020521.19.ctr',8/4/19,208
4,Pot.02.190805.025543.92.ctr',8/5/19,209
4,Pot.02.190805.035512.94.ctr',8/5/19,210
4,Pot.02.190805.180552.48.ctr',8/5/19,211
4,Pot.02.190806.055537.12.ctr',8/6/19,212
4,Pot.02.190806.214622.79.ctr',8/6/19,213
4,Pot.02.190806.231646.56.ctr',8/6/19,214
4,Pot.02.190807.004531.34.ctr',8/7/19,215
4,Pot.02.190807.005514.89.ctr',8/7/19,216
4,Pot.02.190807.012622.64.ctr',8/7/19,217
4,Pot.02.190807.020549.05.ctr',8/7/19,218
4,Pot.02.190807.074542.96.ctr',8/7/19,219
4,Pot.02.190807.075611.12.ctr',8/7/19,220
4,Pot.02.190807.080555.41.ctr',8/7/19,221
4,Pot.02.190808.072616.20.ctr',8/8/19,222
4,Pot.02.190808.085530.07.ctr',8/8/19,223
4,Pot.02.190810.041623.74.ctr',8/10/19,224
4,Pot.02.190810.140633.84.ctr',8/10/19,225
4,Pot.02.190814.005518.43.ctr',8/14/19,226
4,Pot.03.190803.160544.94.ctr',8/3/19,227
4,Pot.03.190803.162636.04.ctr',8/3/19,228
4,Pot.03.190803.230547.80.ctr',8/3/19,229
4,Pot.03.190803.231658.69.ctr',8/3/19,230
4,Pot.03.190803.232611.32.ctr',8/3/19,231
4,Pot.03.190804.020531.90.ctr',8/4/19,232
4,Pot.03.190805.035549.57.ctr',8/5/19,233
4,Pot.03.190805.180613.27.ctr',8/5/19,234
4,Pot.03.190806.055537.69.ctr',8/6/19,235
4,Pot.03.190807.004543.91.ctr',8/7/19,236
4,Pot.03.190807.005530.02.ctr',8/7/19,237
4,Pot.03.190807.012626.28.ctr',8/7/19,238
4,Pot.03.190807.020636.16.ctr',8/7/19,239
4,Pot.03.190807.075612.09.ctr',8/7/19,240
4,Pot.03.190807.080621.89.ctr',8/7/19,241
4,Pot.03.190808.072620.82.ctr',8/8/19,242
4,Pot.03.190810.143604.74.ctr',8/10/19,243
4,Pot.04.190803.160556.01.ctr',8/3/19,244
4,Pot.04.190803.232609.68.ctr',8/3/19,245
4,Pot.04.190804.020609.41.ctr',8/4/19,246
4,Pot.04.190805.180610.98.ctr',8/5/19,247
4,Pot.04.190806.055620.64.ctr',8/6/19,248
4,Pot.04.190807.005533.18.ctr',8/7/19,249
4,Pot.04.190808.085643.34.ctr',8/8/19,250
4,Pot.04.190810.143652.50.ctr',8/10/19,251
4,Pot.05.190807.075624.15.ctr',8/7/19,252
4,Pot.06.190807.075624.99.ctr',8/7/19,253
4,Pot.07.190807.005633.44.ctr',8/7/19,254
4,Pot.07.190807.075646.40.ctr',8/7/19,255
4,Pot.08.190807.075645.58.ctr',8/7/19,256
4,Pot01.190814.011532.31.ctr',8/14/19,257
4,Pot01.190814.012502.38.ctr',8/14/19,258
4,Pot01.190814.013640.41.ctr',8/14/19,259
4,Pot01.190814.014515.11.ctr',8/14/19,260
4,Pot01.190814.021534.05.ctr',8/14/19,261
4,Pot01.190814.022520.09.ctr',8/14/19,262
4,Pot01.190814.024620.36.ctr',8/14/19,263
4,Pot01.190814.025535.15.ctr',8/14/19,264
4,Pot02.190814.011604.59.ctr',8/14/19,265
4,Pot02.190814.012512.43.ctr',8/14/19,266
4,Pot02.190814.015629.23.ctr',8/14/19,267
4,Pot02.190814.022624.66.ctr',8/14/19,268
4,Pot02.190814.023638.35.ctr',8/14/19,269
4,Pot02.190814.025608.35.ctr',8/14/19,270
4,Pot03.190814.021544.17.ctr',8/14/19,271
4,Pot03.190814.023656.ctr',8/14/19,272
4,Pot04.190814.012547.65.ctr',8/14/19,273
4,Pot04.190814.014624.50.ctr',8/14/19,274
4,Pot04.190814.021553.00.ctr',8/14/19,275
4,Pot05.190814.012551.20.ctr',8/14/19,276
4,Pot05.190814.014619.73.ctr',8/14/19,277
4,Pot05.190814.021618.50.ctr',8/14/19,278
4,Pot.01.190908.005040.17.ctr',9/8/19,279
4,Pot.01.190908.030033.09.ctr',9/8/19,280
4,Pot.01.190908.043003.18.ctr',9/8/19,281
4,Pot.01.190908.045003.13.ctr',9/8/19,282
4,Pot.01.190908.053005.95.ctr',9/8/19,283
4,Pot.01.190908.054026.14.ctr',9/8/19,284
4,Pot.01.190911.034002.99.ctr',9/11/19,285
4,Pot.01.190911.043026.21.ctr',9/11/19,286
4,Pot.01.190911.044131.52.ctr',9/11/19,287
4,Pot.01.190911.045103.74.ctr',9/11/19,288
4,Pot.01.190911.050138.49.ctr',9/11/19,289
4,Pot.01.190911.052001.57.ctr',9/11/19,290
4,Pot.01.190911.234043.86.ctr',9/11/19,291
4,Pot.01.190914.223055.35.ctr',9/14/19,292
4,Pot.01.190914.224004.01.ctr',9/14/19,293
4,Pot.01.190914.230050.94.ctr',9/14/19,294
4,Pot.01.190916.043121.15.ctr',9/16/19,295
4,Pot.01.190916.050000.07.ctr',9/16/19,296
4,Pot.01.190916.054002.26.ctr',9/16/19,297
4,Pot.01.190916.055010.01.ctr',9/16/19,298
4,Pot.01.190916.061010.16.ctr',9/16/19,299
4,Pot.01.190916.064105.03.ctr',9/16/19,300
4,Pot.01.190916.065149.12.ctr',9/16/19,301
4,Pot.01.190921.082050.29.ctr',9/21/19,302
4,Pot.01.190921.083006.21.ctr',9/21/19,303
4,Pot.01.190921.085014.83.ctr',9/21/19,304
4,Pot.02.190908.043006.32.ctr',9/8/19,305
4,Pot.02.190908.053022.22.ctr',9/8/19,306
4,Pot.02.190908.054050.14.ctr',9/8/19,307
4,Pot.02.190911.034011.29.ctr',9/11/19,308
4,Pot.02.190911.035108.80.ctr',9/11/19,309
4,Pot.02.190911.042005.78.ctr',9/11/19,310
4,Pot.02.190911.043041.28.ctr',9/11/19,311
4,Pot.02.190914.224123.19.ctr',9/14/19,312
4,Pot.02.190914.230150.86.ctr',9/14/19,313
4,Pot.02.190916.045043.08.ctr',9/16/19,314
4,Pot.02.190916.050004.80.ctr',9/16/19,315
4,Pot.02.190916.064129.02.ctr',9/16/19,316
4,Pot.02.190921.082152.93.ctr',9/21/19,317
4,Pot.02.190921.083007.07.ctr',9/21/19,318
4,Pot.02.190921.085035.77.ctr',9/21/19,319
4,Pot.03.190908.053024.41.ctr',9/8/19,320
4,Pot.03.190911.034105.43.ctr',9/11/19,321
4,Pot.03.190911.042102.62.ctr',9/11/19,322
4,Pot.03.190911.043126.20.ctr',9/11/19,323
4,Pot.03.190916.045144.15.ctr',9/16/19,324
4,Pot.03.190916.054123.17.ctr',9/16/19,325
4,Pot.03.190916.055129.21.ctr',9/16/19,326
4,Pot.03.190916.064158.16.ctr',9/16/19,327
4,Pot.03.190921.083040.23.ctr',9/21/19,328
4,Pot.03.190921.085122.79.ctr',9/21/19,329
4,Pot.04.190908.053117.45.ctr',9/8/19,330
4,Pot.04.190921.083049.23.ctr',9/21/19,331
4,Pot.06.190908.053120.50.ctr',9/8/19,332
4,Pot.07.190908.053134.61.ctr',9/8/19,333
5,T3C.01.180627.011015.52..ctr,7/19/18,1
5,T3C.01.180702.191005.60.ctr,7/26/18,3
5,T3C.01.180703.154000.41.ctr,7/27/18,4
5,T3C.01.180705.100047.44.ctr,7/29/18,5
5,T3C.01.180713.062057.69.ctr,8/6/18,6
5,T3C.01.180716.081026.66.ctr,8/9/18,7
5,T3C.01.180716.082020.66.ctr,8/9/18,8
5,T3C.01.180720.234055.97.ctr,8/13/18,10
5,T3C.01.180721.072001.42.ctr,8/14/18,11
5,T3C.01.180721.082006.61.ctr,8/14/18,12
5,T3C.01.180721.083048.60.ctr,8/14/18,13
5,T3C.01.180722.171055.04.ctr,8/15/18,14
5,T3C.01.180801.102047.94.ctr,8/25/18,15
5,T3C.01.180803.172010.88.ctr,8/27/18,16
5,T3C.01.180803.185005.01.ctr,8/27/18,17
5,T3C.01.180803.190022.28.ctr,8/27/18,18
5,T3C.01.180803.194046.79.ctr,8/27/18,19
5,T3C.01.180813.225048.86.ctr,9/6/18,20
5,T3C.01.180814.010040.84.ctr,9/7/18,21
5,T3C.01.180814.011049.73.ctr,9/7/18,22
5,T3C.01.180814.012025.07.ctr,9/7/18,23
5,T3C.01.180814.201018.25.ctr,9/7/18,24
5,T3C.01.180815.025015.82.ctr,9/8/18,25
5,T3C.01.180818.032047.98.ctr,9/11/18,26
5,T3C.01.180824.220026.11.ctr,9/17/18,27
5,T3C.01.180827.224034.02.ctr,9/20/18,28
5,T3C.01.180828.153008.04.ctr,9/21/18,30
5,T3C.01.180828.155003.67.ctr,9/21/18,31
5,T3C.02.180716.083035.21.ctr,8/9/18,33
5,T3C.02.180720.032017.23.ctr,8/13/18,34
5,T3C.02.180803.185058.69.ctr,8/27/18,35
5,T3C.02.180813.223044.86.ctr,9/6/18,36
5,T3C.02.180818.032040.82.ctr,9/11/18,37
5,T3C.02.180828.153045.30.ctr,9/21/18,38
5,T3C.03.180716.083039.48.ctr,8/9/18,39
5,T3C.03.180720.032036.83.ctr,8/13/18,40
5,T3C.04.180720.032051.72.ctr,8/13/18,41
1,4,6/13/17,1
1,5,6/13/17,2
1,11,6/13/17,3
1,14,6/13/17,4
1,16,6/13/17,5
1,17,6/13/17,6
1,18,6/13/17,7
1,21,6/13/17,8
1,28,6/13/17,9
1,30,6/13/17,10
1,34,6/13/17,11
1,35,6/13/17,12
1,39,6/13/17,13
1,41,6/13/17,14
1,50,6/13/17,15
1,51,6/13/17,16
1,52,6/13/17,17
1,53,6/13/17,18
1,58,6/13/17,19
1,62,6/13/17,20
1,63,6/13/17,21
1,64,6/13/17,22
1,65,6/13/17,23
1,66,6/13/17,24
1,67,6/13/17,25
1,68,6/13/17,26
1,69,6/13/17,27
1,70,6/13/17,28
1,71,6/13/17,29
1,72,6/13/17,30
1,20170613.150439.27..sel.57.57,6/13/17,32
1,76,6/14/17,33
1,80,6/14/17,34
1,82,6/14/17,35
1,83,6/14/17,36
1,84,6/14/17,37
1,85,6/14/17,38
1,86,6/14/17,39
1,87,6/14/17,40
1,88,6/14/17,41
1,89,6/14/17,42
1,92,6/14/17,43
1,102,6/14/17,45
1,103,6/14/17,46
1,104,6/14/17,47
1,107,6/14/17,48
1,108,6/14/17,49
1,110,6/14/17,50
1,116,6/14/17,52
1,117,6/14/17,53
1,119,6/14/17,54
1,120,6/14/17,55
1,121,6/14/17,56
1,122,6/14/17,57
1,124,6/14/17,58
1,125,6/14/17,59
1,20170613.231118.65..sel.96.96,6/14/17,60
1,126,6/15/17,61
1,129,6/15/17,62
1,132,6/15/17,64
1,134,6/15/17,65
1,135,6/15/17,66
1,137,6/15/17,67
1,138,6/15/17,68
1,139,6/15/17,69
1,140,6/15/17,70
1,141,6/15/17,71
1,143,6/15/17,72
1,20170614.063101.02..sel.133.133,6/15/17,73
1,146,6/16/17,75
1,147,6/16/17,76
1,151,6/16/17,77
1,154,6/16/17,78
1,155,6/16/17,79
1,156,6/16/17,80
1,157,6/16/17,81
1,158,6/16/17,82
1,160,6/16/17,83
1,162,6/16/17,84
1,170,6/16/17,85
1,171,6/16/17,86
1,172,6/16/17,87
1,179,6/16/17,88
1,185,6/16/17,90
1,187,6/16/17,91
1,188,6/16/17,92
1,190,6/16/17,93
1,191,6/16/17,94
1,192,6/16/17,95
1,193,6/16/17,96
1,194,6/16/17,97
1,197,6/16/17,99
1,198,6/16/17,100
1,199,6/16/17,101
1,200,6/16/17,102
1,202,6/16/17,103
1,203,6/16/17,104
1,204,6/16/17,105
1,205,6/16/17,106
1,206,6/16/17,107
1,209,6/16/17,108
1,210,6/16/17,109
1,212,6/16/17,110
1,213,6/16/17,111
1,216,6/16/17,112
1,217,6/16/17,113
1,218,6/17/17,114
1,220,6/17/17,115
1,222,6/17/17,116
1,223,6/17/17,117
1,224,6/17/17,118
1,225,6/17/17,119
1,228,6/18/17,120
1,229,6/18/17,121
1,230,6/18/17,122
1,232,6/18/17,123
1,233,6/18/17,124
1,236,6/18/17,126
1,237,6/18/17,127
1,238,6/18/17,128
1,243,6/18/17,130
1,245,6/18/17,131
1,246,6/18/17,132
1,247,6/18/17,133
1,249,6/18/17,134
1,20170615.051744.39..sel.244.244,6/18/17,136
1,253,6/19/17,137
1,254,6/19/17,138
1,256,6/19/17,139
1,257,6/19/17,140
1,258,6/19/17,141
1,260,6/19/17,142
1,261,6/19/17,143
1,262,6/19/17,144
1,264,6/19/17,145
1,264,6/19/17,146
1,266,6/19/17,147
1,269,6/19/17,148
1,270,6/19/17,149
1,271,6/19/17,150
1,272,6/19/17,151
1,274,6/19/17,152
1,278,6/19/17,153
1,279,6/20/17,154
1,280,6/20/17,155
1,281,6/20/17,156
1,284,6/20/17,158
1,287,6/20/17,159
1,288,6/20/17,160
1,289,6/20/17,161
1,292,6/20/17,163
1,294,6/20/17,164
1,295,6/20/17,165
1,296,6/20/17,166
1,298,6/20/17,167
1,299,6/20/17,168
1,300,6/20/17,169
1,301,6/20/17,170
1,302,6/20/17,171
1,303,6/20/17,172
1,304,6/20/17,173
1,306,6/20/17,174
1,307,6/20/17,175
1,308,6/20/17,176
1,309,6/20/17,177
1,310,6/20/17,178
1,311,6/20/17,179
1,312,6/21/17,180
1,320,6/21/17,183
1,321,6/21/17,184
1,323,6/21/17,186
1,325,6/21/17,187
1,327,6/22/17,188
1,328,6/22/17,189
1,329,6/22/17,190
1,330,6/22/17,191
1,332,6/22/17,193
1,333,6/22/17,194
1,334,6/22/17,195
1,335,6/23/17,196
1,336,6/23/17,197
1,337,6/23/17,198
1,340,6/23/17,200
1,341,6/23/17,201
1,342,6/23/17,202
1,345,6/23/17,205
1,346,6/23/17,206
1,347,6/23/17,207
1,348,6/23/17,208
1,349,6/23/17,209
1,350,6/23/17,210
1,352,6/24/17,211
1,353,6/24/17,212
1,354,6/24/17,213
1,355,6/24/17,214
1,356,6/24/17,215
1,358,6/24/17,217
1,359,6/24/17,218
1,363,6/25/17,221
1,365,6/25/17,222
1,366,6/25/17,223
1,369,6/26/17,225
1,370,6/26/17,226
1,371,6/26/17,227
1,372,6/26/17,228
1,373,6/26/17,229
1,374,6/27/17,230
1,376,6/27/17,231
1,377,6/27/17,232
1,378,6/27/17,233
1,379,6/27/17,234
1,380,6/27/17,235
1,381,6/27/17,236
1,382,6/27/17,237
1,383,6/27/17,238
1,384,6/27/17,239
1,386,6/27/17,240
1,387,6/27/17,241
1,388,6/27/17,242
1,389,6/27/17,243
1,394,6/27/17,245
1,395,6/27/17,246
1,397,6/27/17,247
1,398,6/27/17,248
1,400,6/27/17,249
1,403,6/27/17,250
1,406,6/27/17,251
1,407,6/27/17,252
1,408,6/27/17,253
1,409,6/27/17,254
1,410,6/27/17,255
1,412,6/27/17,257
1,414,6/27/17,258
1,416,6/27/17,259
1,417,6/27/17,260
1,454,6/27/17,262
1,419,6/28/17,263
1,420,6/28/17,264
1,422,6/28/17,266
1,425,6/28/17,269
1,428,6/28/17,270
1,430,6/28/17,272
1,431,6/28/17,273
1,433,6/28/17,275
1,434,6/28/17,276
1,436,6/28/17,277
1,438,6/28/17,279
1,439,6/28/17,280
1,441,6/28/17,282
1,442,6/28/17,283
1,444,6/28/17,284
1,445,6/28/17,285
1,446,6/28/17,286
1,447,6/28/17,287
1,448,6/28/17,288
1,451,6/29/17,289
1,452,6/30/17,290
1,sel.41.T1C.2017.07.ctr',7/1/17,291
1,sel.42.T1C.2017.07.ctr',7/1/17,292
1,sel.43.T1C.2017.07.ctr',7/1/17,293
1,sel.45.T1C.2017.07.ctr',7/1/17,294
1,sel.49.T1C.2017.07.ctr',7/1/17,295
1,sel.51.T1C.2017.07.ctr',7/1/17,296
1,sel.52.T1C.2017.07.ctr',7/1/17,297
1,sel.53.T1C.2017.07.ctr',7/1/17,298
1,sel.58.T1C.2017.07.ctr',7/1/17,299
1,sel.59.T1C.2017.07.ctr',7/1/17,300
1,sel.60.T1C.2017.07.ctr',7/1/17,301
1,sel.63.T1C.2017.07.biphonal.07.ctr',7/1/17,302
1,sel.64.T1C.2017.07.ctr',7/1/17,303
1,sel.66.T1C.2017.07.ctr',7/1/17,304
1,sel.67.T1C.2017.07.ctr',7/1/17,305
1,sel.68.T1C.2017.07.ctr',7/1/17,306
1,sel.69.T1C.2017.07.ctr',7/1/17,307
1,sel.73.T1C.2017.07.ctr',7/1/17,308
1,sel.74.T1C.2017.07.ctr',7/1/17,309
1,sel.75.T1C.2017.07.ctr',7/1/17,310
1,sel.77.T1C.2017.07.ctr',7/1/17,311
1,sel.78.T1C.2017.07.ctr',7/1/17,312
1,sel.79.T1C.2017.07.ctr',7/1/17,313
1,sel.80.T1C.2017.07.ctr',7/1/17,314
1,sel.81.T1C.2017.07.ctr',7/1/17,315
1,sel.82.T1C.2017.07.ctr',7/1/17,316
1,sel.83.T1C.2017.07.ctr',7/1/17,317
1,sel.84.T1C.2017.07.ctr',7/2/17,318
1,sel.85.T1C.2017.07.ctr',7/2/17,319
1,sel.86.T1C.2017.07.ctr',7/2/17,320
1,sel.87.T1C.2017.07.ctr',7/2/17,321
1,sel.88.T1C.2017.07.ctr',7/2/17,322
1,sel.89.T1C.2017.07.ctr',7/2/17,323
1,sel.01.T1C.2017.07.ctr',7/5/17,324
1,sel.03.T1C.2017.07.ctr',7/5/17,326
1,sel.06.T1C.2017.07.ctr',7/5/17,327
1,sel.09.T1C.2017.07.ctr',7/5/17,328
1,sel.100.T1C.2017.07.ctr',7/5/17,330
1,sel.101.T1C.2017.07.ctr',7/5/17,331
1,sel.102.T1C.2017.07.ctr',7/5/17,332
1,sel.103.T1C.2017.07.ctr',7/5/17,333
1,sel.104.T1C.2017.07.ctr',7/5/17,334
1,sel.106.T1C.2017.07.ctr',7/5/17,335
1,sel.109.T1C.2017.07.ctr',7/5/17,337
1,sel.11.T1C.2017.07.ctr',7/5/17,338
1,sel.111.T1C.2017.07.ctr',7/5/17,340
1,sel.112.T1C.2017.07.ctr',7/5/17,341
1,sel.114.T1C.2017.07.ctr',7/5/17,342
1,sel.115.T1C.2017.07.ctr',7/5/17,343
1,sel.116.T1C.2017.07.ctr',7/5/17,344
1,sel.117.T1C.2017.07.ctr',7/5/17,345
1,sel.118.T1C.2017.07.ctr',7/5/17,346
1,sel.119.T1C.2017.07.ctr',7/5/17,347
1,sel.12.T1C.2017.07.ctr',7/5/17,348
1,sel.121.T1C.2017.07.ctr',7/5/17,349
1,sel.122.T1C.2017.07.ctr',7/5/17,350
1,sel.123.T1C.2017.07.ctr',7/5/17,351
1,sel.126.T1C.2017.07.ctr',7/5/17,352
1,sel.127.T1C.2017.07.ctr',7/5/17,353
1,sel.133.T1C.2017.07.ctr',7/5/17,355
1,sel.15.T1C.2017.07.ctr',7/5/17,356
1,sel.17.T1C.2017.07.ctr',7/5/17,357
1,sel.18.T1C.2017.07.ctr',7/5/17,358
1,sel.20.T1C.2017.07.ctr',7/5/17,359
1,sel.23.T1C.2017.07.ctr',7/5/17,360
1,sel.24.T1C.2017.07.ctr',7/5/17,361
1,sel.25.T1C.2017.07.ctr',7/5/17,362
1,sel.26.T1C.2017.07.ctr',7/5/17,363
1,sel.29.T1C.2017.07.ctr',7/5/17,364
1,sel.31.T1C.2017.07.ctr',7/5/17,365
1,sel.34.T1C.2017.07.ctr',7/5/17,366
1,sel.35.T1C.2017.07.ctr',7/5/17,367
1,sel.36.T1C.2017.07.ctr',7/5/17,368
1,sel.37.T1C.2017.07.ctr',7/5/17,369
1,sel.38.T1C.2017.07.ctr',7/5/17,370
1,sel.39.T1C.2017.07.ctr',7/5/17,371
1,sel.40.T1C.2017.07.ctr',7/5/17,372
1,sel.90.T1C.2017.07.ctr',7/5/17,373
1,sel.93.T1C.2017.07.ctr',7/5/17,374
1,sel.95.T1C.2017.07.ctr',7/5/17,375
1,sel.96.T1C.2017.07.ctr',7/5/17,376
1,sel.135.T1C.2017.07.ctr',7/6/17,378
1,sel.136.T1C.2017.07.ctr',7/6/17,379
1,sel.143.T1C.2017.07.ctr',7/7/17,380
1,sel.144.T1C.2017.07.ctr',7/7/17,381
1,sel.145.T1C.2017.07.ctr',7/7/17,382
1,sel.146.T1C.2017.07.ctr',7/7/17,383
1,sel.151.T1C.2017.07.ctr',7/8/17,384
1,sel.154.T1C.2017.07.ctr',7/8/17,385
1,sel.155.T1C.2017.07.ctr',7/8/17,386
1,sel.158.T1C.2017.07.ctr',7/8/17,387
1,sel.159.T1C.2017.07.ctr',7/8/17,388
1,sel.160.T1C.2017.07.ctr',7/8/17,389
1,sel.161.T1C.2017.07.ctr',7/8/17,390
1,sel.162.T1C.2017.07.ctr',7/8/17,391
1,sel.164.T1C.2017.07.ctr',7/8/17,392
1,sel.165.T1C.2017.07.ctr',7/8/17,393
1,sel.166.T1C.2017.07.ctr',7/8/17,394
1,sel.168.T1C.2017.07.ctr',7/8/17,395
1,sel.169.T1C.2017.07.ctr',7/8/17,396
1,sel.172.T1C.2017.07.ctr',7/8/17,397
1,sel.173.T1C.2017.07.ctr',7/8/17,398
1,sel.174.T1C.2017.07.ctr',7/8/17,399
1,sel.176.T1C.2017.07.ctr',7/8/17,400
1,sel.177.T1C.2017.07.ctr',7/8/17,401
1,sel.178.T1C.2017.07.ctr',7/8/17,402
1,sel.179.T1C.2017.07.ctr',7/8/17,403
1,sel.181.T1C.2017.07.ctr',7/8/17,404
1,sel.182.T1C.2017.07.ctr',7/8/17,405
1,sel.183.T1C.2017.07.ctr',7/8/17,406
1,sel.184.T1C.2017.07.ctr',7/9/17,407
1,sel.185.T1C.2017.07.ctr',7/9/17,408
1,sel.189.T1C.2017.07.ctr',7/9/17,409
1,sel.191.T1C.2017.07.ctr',7/9/17,410
1,sel.192.T1C.2017.07.ctr',7/9/17,411
1,sel.194.T1C.2017.07.ctr',7/9/17,413
1,sel.195.T1C.2017.07.ctr',7/9/17,414
1,sel.196.T1C.2017.07.ctr',7/9/17,415
1,sel.198.T1C.2017.07.ctr',7/10/17,416
1,sel.204.T1C.2017.07.ctr',7/11/17,417
1,sel.206.T1C.2017.07.ctr',7/11/17,418
1,sel.207.T1C.2017.07.ctr',7/11/17,419
1,sel.214.T1C.2017.07.ctr',7/11/17,420
1,sel.215.T1C.2017.07.ctr',7/11/17,421
1,sel.217.T1C.2017.07.ctr',7/12/17,422
1,sel.218.T1C.2017.07.ctr',7/12/17,423
1,sel.220.T1C.2017.07.ctr',7/12/17,424
1,sel.221.T1C.2017.07.ctr',7/12/17,425
1,sel.222.T1C.2017.07.ctr',7/12/17,426
1,sel.226.T1C.2017.07.ctr',7/12/17,428
1,sel.235.T1C.2017.07.ctr',7/12/17,429
1,sel.237.T1C.2017.07.ctr',7/12/17,430
1,sel.238.T1C.2017.07.ctr',7/12/17,431
1,sel.240.T1C.2017.07.ctr',7/12/17,432
1,sel.243.T1C.2017.07.ctr',7/12/17,433
1,sel.244.T1C.2017.07.ctr',7/12/17,434
1,sel.248.T1C.2017.07.ctr',7/13/17,435
1,sel.250.T1C.2017.07.ctr',7/13/17,437
1,sel.251.T1C.2017.07.ctr',7/13/17,438
1,sel.252.T1C.2017.07.ctr',7/13/17,439
1,sel.253.T1C.2017.07.ctr',7/13/17,440
1,sel.254.T1C.2017.07.ctr',7/13/17,441
1,sel.257.T1C.2017.07.ctr',7/13/17,442
1,sel.259.T1C.2017.07.ctr',7/13/17,444
1,sel.260.T1C.2017.07.ctr',7/13/17,445
1,sel.264.T1C.2017.07.ctr',7/13/17,446
1,sel.265.T1C.2017.07.ctr',7/14/17,447
1,sel.266.T1C.2017.07.ctr',7/14/17,448
1,sel.267.T1C.2017.07.ctr',7/14/17,449
1,sel.268.T1C.2017.07.ctr',7/14/17,450
1,sel.270.T1C.2017.07.ctr',7/14/17,451
1,sel.275.T1C.2017.07.ctr',7/14/17,452
1,sel.276.T1C.2017.07.ctr',7/14/17,453
1,sel.277.T1C.2017.07.ctr',7/14/17,454
1,sel.278.T1C.2017.07.ctr',7/14/17,455
1,sel.279.T1C.2017.07.ctr',7/14/17,456
1,sel.281.T1C.2017.07.ctr',7/15/17,458
1,sel.284.T1C.2017.07.ctr',7/15/17,459
1,sel.285.T1C.2017.07.ctr',7/15/17,460
1,sel.286.T1C.2017.07.ctr',7/15/17,461
1,sel.288.T1C.2017.07.ctr',7/16/17,463
1,sel.291.T1C.2017.07.ctr',7/16/17,464
1,sel.292.T1C.2017.07.ctr',7/16/17,465
1,sel.293.T1C.2017.07.ctr',7/17/17,466
1,sel.294.T1C.2017.07.ctr',7/17/17,467
1,sel.295.T1C.2017.07.ctr',7/17/17,468
1,sel.296.T1C.2017.07.ctr',7/17/17,469
1,sel.297.T1C.2017.07.ctr',7/17/17,470
1,sel.299.T1C.2017.07.ctr',7/17/17,471
1,sel.300.T1C.2017.07.ctr',7/17/17,472
1,sel.301.T1C.2017.07.ctr',7/17/17,473
1,sel.303.T1C.2017.07.ctr',7/17/17,474
1,sel.304.T1C.2017.07.ctr',7/17/17,475
1,sel.305.T1C.2017.07.ctr',7/17/17,476
1,sel.307.T1C.2017.07.ctr',7/17/17,478
1,sel.309.T1C.2017.07.ctr',7/17/17,479
1,sel.310.T1C.2017.07.ctr',7/17/17,480
1,sel.311.T1C.2017.07.ctr',7/17/17,481
1,sel.312.T1C.2017.07.ctr',7/17/17,482
1,sel.314.T1C.2017.07.ctr',7/17/17,483
1,sel.315.T1C.2017.07.ctr',7/17/17,484
1,sel.319.T1C.2017.07.ctr',7/17/17,485
1,sel.320.T1C.2017.07.ctr',7/17/17,486
1,sel.321.T1C.2017.07.ctr',7/17/17,487
1,sel.322.T1C.2017.07.ctr',7/17/17,488
1,sel.323.T1C.2017.07.ctr',7/17/17,489
1,sel.326.T1C.2017.07.ctr',7/17/17,490
1,sel.327.T1C.2017.07.ctr',7/17/17,491
1,sel.328.T1C.2017.07.ctr',7/17/17,492
1,sel.330.T1C.2017.07.ctr',7/17/17,493
1,sel.332.T1C.2017.07.ctr',7/18/17,495
1,sel.334.T1C.2017.07.ctr',7/18/17,496
1,sel.335.T1C.2017.07.ctr',7/18/17,497
1,sel.338.T1C.2017.07.ctr',7/18/17,498
1,sel.339.T1C.2017.07.ctr',7/18/17,499
1,sel.341.T1C.2017.07.ctr',7/18/17,500
1,sel.342.T1C.2017.07.ctr',7/18/17,501
1,sel.343.T1C.2017.07.ctr',7/18/17,502
1,sel.344.T1C.2017.07.ctr',7/18/17,503
1,sel.350.T1C.2017.07.ctr',7/18/17,504
1,sel.351.T1C.2017.07.ctr',7/18/17,505
1,sel.352.T1C.2017.07.ctr',7/18/17,506
1,sel.354.T1C.2017.07.ctr',7/18/17,508
1,sel.355.T1C.2017.07.ctr',7/18/17,509
1,sel.356.T1C.2017.07.ctr',7/18/17,510
1,sel.359.T1C.2017.07.ctr',7/18/17,511
1,sel.360.T1C.2017.07.ctr',7/18/17,512
1,sel.362.T1C.2017.07.ctr',7/18/17,513
1,sel.365.T1C.2017.07.ctr',7/18/17,515
1,sel.367.T1C.2017.07.ctr',7/18/17,516
1,sel.368.T1C.2017.07.ctr',7/18/17,517
1,sel.369.T1C.2017.07.ctr',7/18/17,518
1,sel.370.T1C.2017.07.ctr',7/18/17,519
1,sel.371.T1C.2017.07.ctr',7/18/17,520
1,sel.372.T1C.2017.07.ctr',7/18/17,521
1,sel.373.T1C.2017.07.ctr',7/18/17,522
1,sel.374.T1C.2017.07.ctr',7/18/17,523
1,sel.375.T1C.2017.07.ctr',7/18/17,524
1,sel.376.T1C.2017.07.ctr',7/18/17,525
1,sel.378.T1C.2017.07.ctr',7/18/17,526
1,sel.380.T1C.2017.07.ctr',7/19/17,527
1,sel.381.T1C.2017.07.ctr',7/19/17,528
1,sel.382.T1C.2017.07.ctr',7/19/17,529
1,sel.383.T1C.2017.07.ctr',7/19/17,530
1,sel.384.T1C.2017.07.ctr',7/19/17,531
1,sel.385.T1C.2017.07.ctr',7/19/17,532
1,sel.386.T1C.2017.07.ctr',7/19/17,533
1,sel.387.T1C.2017.07.ctr',7/19/17,534
1,sel.388.T1C.2017.07.ctr',7/19/17,535
1,sel.390.T1C.2017.07.ctr',7/19/17,536
1,sel.392.T1C.2017.07.ctr',7/19/17,537
1,sel.393.T1C.2017.07.ctr',7/19/17,538
1,sel.394.T1C.2017.07.ctr',7/19/17,539
1,sel.395.T1C.2017.07.ctr',7/19/17,540
1,sel.396.T1C.2017.07.ctr',7/19/17,541
1,sel.398.T1C.2017.07.ctr',7/19/17,542
1,sel.399.T1C.2017.07.ctr',7/19/17,543
1,sel.400.T1C.2017.07.ctr',7/19/17,544
1,sel.401.T1C.2017.07.ctr',7/19/17,545
1,sel.403.T1C.2017.07.ctr',7/19/17,547
1,sel.404.T1C.2017.07.ctr',7/19/17,548
1,sel.405.T1C.2017.07.ctr',7/19/17,549
1,sel.407.T1C.2017.07.ctr',7/19/17,550
1,sel.408.T1C.2017.07.ctr',7/19/17,551
1,sel.409.T1C.2017.07.ctr',7/19/17,552
1,sel.410.T1C.2017.07.ctr',7/19/17,553
1,sel.411.T1C.2017.07.ctr',7/19/17,554
1,sel.412.T1C.2017.07.ctr',7/19/17,555
1,sel.413.T1C.2017.07.ctr',7/19/17,556
1,sel.414.T1C.2017.07.ctr',7/19/17,557
1,sel.415.T1C.2017.07.ctr',7/19/17,558
1,sel.416.T1C.2017.07.ctr',7/19/17,559
1,sel.417.T1C.2017.07.ctr',7/19/17,560
1,sel.418.T1C.2017.07.ctr',7/19/17,561
1,sel.419.T1C.2017.07.ctr',7/19/17,562
1,sel.420.T1C.2017.07.ctr',7/19/17,563
1,sel.421.T1C.2017.07.ctr',7/20/17,564
1,sel.423.T1C.2017.07.ctr',7/20/17,565
1,sel.426.T1C.2017.07.ctr',7/20/17,566
1,sel.427.T1C.2017.07.ctr',7/20/17,567
1,sel.428.T1C.2017.07.ctr',7/20/17,568
1,sel.430.T1C.2017.07.ctr',7/20/17,569
1,sel.431.T1C.2017.07.ctr',7/20/17,570
1,sel.432.T1C.2017.07.ctr',7/20/17,571
1,sel.433.T1C.2017.07.ctr',7/21/17,572
1,sel.434.T1C.2017.07.ctr',7/21/17,573
1,sel.435.T1C.2017.07.ctr',7/21/17,574
1,sel.436.T1C.2017.07.ctr',7/21/17,575
1,sel.437.T1C.2017.07.ctr',7/21/17,576
1,sel.438.T1C.2017.07.ctr',7/21/17,577
1,sel.439.T1C.2017.07.ctr',7/21/17,578
1,sel.440.T1C.2017.07.ctr',7/21/17,579
1,sel.441.T1C.2017.07.ctr',7/22/17,580
1,sel.442.T1C.2017.07.ctr',7/22/17,581
1,sel.443.T1C.2017.07.ctr',7/22/17,582
1,sel.444.T1C.2017.07.ctr',7/22/17,583
1,sel.445.T1C.2017.07.ctr',7/22/17,584
1,sel.446.T1C.2017.07.ctr',7/22/17,585
1,sel.447.T1C.2017.07.ctr',7/22/17,586
1,sel.448.T1C.2017.07.ctr',7/22/17,587
1,sel.449.T1C.2017.07.ctr',7/22/17,588
1,sel.450.T1C.2017.07.ctr',7/22/17,589
1,sel.451.T1C.2017.07.ctr',7/22/17,590
1,sel.452.T1C.2017.07.ctr',7/22/17,591
1,sel.453.T1C.2017.07.ctr',7/22/17,592
1,sel.454.T1C.2017.07.ctr',7/22/17,593
1,sel.455.T1C.2017.07.ctr',7/22/17,594
1,sel.456.T1C.2017.07.ctr',7/22/17,595
1,sel.457.T1C.2017.07.ctr',7/23/17,596
1,sel.459.T1C.2017.07.ctr',7/23/17,598
1,sel.460.T1C.2017.07.ctr',7/23/17,599
1,sel.463.T1C.2017.07.ctr',7/23/17,601
1,sel.464.T1C.2017.07.ctr',7/23/17,602
1,sel.467.T1C.2017.07.ctr',7/23/17,604
1,sel.468.T1C.2017.07.ctr',7/23/17,605
1,sel.469.T1C.2017.07.ctr',7/23/17,606
1,sel.472.T1C.2017.07.ctr',7/23/17,607
1,sel.473.T1C.2017.07.ctr',7/23/17,608
1,sel.474.T1C.2017.07.ctr',7/23/17,609
1,sel.475.T1C.2017.07.ctr',7/23/17,610
1,sel.476.T1C.2017.07.ctr',7/23/17,611
1,sel.477.T1C.2017.07.ctr',7/23/17,612
1,sel.478.T1C.2017.07.ctr',7/23/17,613
1,sel.479.T1C.2017.07.ctr',7/23/17,614
1,sel.481.T1C.2017.07.ctr',7/23/17,615
1,sel.482.T1C.2017.07.ctr',7/23/17,616
1,4,8/1/17,619
1,5,8/1/17,620
1,6,8/1/17,621
1,9,8/1/17,623
1,10,8/1/17,624
1,41,8/1/17,625
1,43,8/1/17,626
1,44,8/1/17,627
1,46,8/1/17,628
1,47,8/1/17,629
1,48,8/1/17,630
1,49,8/1/17,631
1,50,8/1/17,632
1,51,8/1/17,633
1,52,8/1/17,634
1,53,8/1/17,635
1,54,8/1/17,636
1,55,8/1/17,637
1,56,8/1/17,638
1,58,8/1/17,639
1,61,8/1/17,640
1,64,8/1/17,641
1,65,8/1/17,642
1,67,8/1/17,643
1,70,8/1/17,644
1,71,8/1/17,645
1,74,8/1/17,646
1,75,8/1/17,647
1,76,8/1/17,648
1,81,8/1/17,649
1,84,8/2/17,650
1,87,8/2/17,651
1,89,8/2/17,652
1,91,8/2/17,653
1,94,8/2/17,654
1,95,8/2/17,655
1,96,8/2/17,656
1,97,8/2/17,657
1,100,8/2/17,658
1,102,8/2/17,659
1,103,8/2/17,660
1,104,8/2/17,661
1,105,8/2/17,662
1,107,8/2/17,663
1,108,8/3/17,664
1,109,8/3/17,665
1,110,8/3/17,666
1,111,8/3/17,667
1,112,8/3/17,668
1,114,8/4/17,669
1,115,8/4/17,670
1,116,8/4/17,671
1,117,8/4/17,672
1,118,8/4/17,673
1,119,8/5/17,674
1,120,8/5/17,675
1,121,8/5/17,676
1,123,8/5/17,677
1,124,8/5/17,678
1,125,8/6/17,679
1,126,8/6/17,680
1,128,8/6/17,681
1,130,8/6/17,683
1,131,8/6/17,684
1,132,8/7/17,685
1,133,8/8/17,686
1,134,8/8/17,687
1,135,8/8/17,688
1,136,8/8/17,689
1,137,8/8/17,690
1,138,8/9/17,691
1,139,8/9/17,692
1,140,8/9/17,693
1,141,8/9/17,694
1,142,8/10/17,695
1,143,8/10/17,696
1,145,8/13/17,698
1,146,8/13/17,699
1,147,8/13/17,700
1,148,8/14/17,701
1,149,8/14/17,702
1,150,8/14/17,703
1,151,8/14/17,704
1,152,8/15/17,705
1,153,8/15/17,706
1,154,8/15/17,707
1,155,8/16/17,708
1,156,8/16/17,709
1,157,8/16/17,710
1,158,8/16/17,711
1,159,8/16/17,712
1,160,8/16/17,713
1,161,8/17/17,714
1,162,8/17/17,715
1,163,8/17/17,716
1,15,8/19/17,717
1,17,8/19/17,718
1,18,8/19/17,719
1,19,8/19/17,720
1,20,8/19/17,721
1,21,8/19/17,722
1,22,8/19/17,723
1,23,8/19/17,724
1,24,8/19/17,725
1,25,8/19/17,726
1,26,8/19/17,727
1,27,8/19/17,728
1,29,8/21/17,729
1,30,8/21/17,730
1,164,8/21/17,731
1,165,8/21/17,732
1,32,8/22/17,733
1,166,8/22/17,734
1,167,8/23/17,735
1,168,8/23/17,736
1,169,8/23/17,737
1,170,8/24/17,738
1,171,8/24/17,739
1,172,8/24/17,740
1,34,8/25/17,741
1,173,8/25/17,742
1,174,8/25/17,743
1,175,8/25/17,744
1,176,8/25/17,745
1,177,8/26/17,746
1,179,8/26/17,748
1,180,8/28/17,749
1,181,8/30/17,750
1,184,9/7/17,751
1,183,9/8/17,752
1,T1C.02.ch01.180712.174956.05.(2).ctr',7/12/18,753
1,T1C.04.ch01.180712.184414.28.(2).ctr',7/12/18,754
1,T1C.05.ch01.180712.185756.37..ctr',7/12/18,755
1,T1C.01.ch01.180713.050519.17..ctr',7/13/18,756
1,T1C.01.ch01.180713.181928.37..ctr',7/13/18,757
1,T1C.03.ch01.180713.050809.15..ctr',7/13/18,758
1,06.051451.61,7/14/18,759
1,T1C.04.ch01.180714.051416.39..ctr',7/14/18,760
1,T1C.05.ch01.180714.051430.81..ctr',7/14/18,761
1,T1C.08.ch01.180714.051511.08..ctr',7/14/18,762
1,T1C.01.ch01.180715.231224.25..ctr',7/15/18,763
1,T1C.02.ch01.180715.231256.25..ctr',7/15/18,764
1,T1C.03.ch01.180715.231312.06..ctr',7/15/18,765
1,T1C.04.ch01.180715.231327.13..ctr',7/15/18,766
1,T1C.06.ch01.180715.231412.64..ctr',7/15/18,767
1,T1C.07.ch01.180715.231623.98..ctr',7/15/18,768
1,T1C.09.ch01.180715.231913.64..ctr',7/15/18,770
1,T1C.01.ch01.180716.040827.28..ctr',7/16/18,771
1,T1C.01.ch01.180716.180009.36..ctr',7/16/18,772
1,T1C.02.ch01.180716.041151.57..ctr',7/16/18,773
1,T1C.02.ch01.180716.180419.13..ctr',7/16/18,774
1,T1C.03.ch01.180716.180451.40..ctr',7/16/18,775
1,T1C.01.ch01.180717.120345.60..ctr',7/17/18,776
1,T1C.01.ch01.180717.183330.34..ctr',7/17/18,777
1,T1C.02.ch01.180717.120412.76..ctr',7/17/18,778
1,T1C.02.ch01.180717.184353.63..ctr',7/17/18,779
1,T1C.03.ch01.180717.121646.24..ctr',7/17/18,780
1,T1C.04.ch01.180717.121939.56..ctr',7/17/18,781
1,T1C.01.ch01.180718.000812.01..ctr',7/18/18,782
1,T1C.01.ch01.180719.193742.97..ctr',7/19/18,783
1,T1C.02.ch01.180719.193955.11..ctr',7/19/18,784
1,T1C.04.ch01.180719.194340.09..ctr',7/19/18,785
1,T1C.01.ch01.180720.201531.06..ctr',7/20/18,786
1,T1C.02.ch01.180720.201547.42..ctr',7/20/18,787
1,T1C.03.ch01.180720.071023.59..ctr',7/20/18,788
1,T1C.04.ch01.180720.071051.64..ctr',7/20/18,789
1,T1C.06.ch01.180720.071751.09..ctr',7/20/18,790
1,T1C.07.ch01.180720.071838.94..ctr',7/20/18,791
1,T1C.08.ch01.180720.071907.89..ctr',7/20/18,792
1,T1C.02.ch01.180721.061213.26..ctr',7/21/18,793
1,T1C.01.ch01.180722.000023.97..ctr',7/22/18,796
1,T1C.01.ch01.180723.091615.33..ctr',7/23/18,797
1,T1C.02.ch01.180723.091736.27..ctr',7/23/18,798
1,T1C.03.ch01.180723.092052.47..ctr',7/23/18,799
1,T1C.06.ch01.180723.133314.88..ctr',7/23/18,800
1,T1C.07.ch01.180723.133625.37..ctr',7/23/18,801
1,T1C.03.ch01.180724.104731.22..ctr',7/24/18,802
1,T1C.05.ch01.180724.105512.99..ctr',7/24/18,803
1,T1C.01.ch01.180725.011717.80..ctr',7/25/18,804
1,T1C.02.ch01.180725.061123.12..ctr',7/25/18,805
1,T1C.07.ch01.180725.061359.58..ctr',7/25/18,806
1,T1C.08.ch01.180725.061435.68..ctr',7/25/18,807
1,T1C.09.ch01.180725.061451.51..ctr',7/25/18,808
1,T1C.10.ch01.180725.061505.89..ctr',7/25/18,809
1,T1C.11.ch01.180725.061542.92..ctr',7/25/18,810
1,T1C.12.ch01.180725.061602.77..ctr',7/25/18,811
1,T1C.02.ch01.180726.060204.75..ctr',7/26/18,813
1,T1C.04.ch01.180726.060414.83..ctr',7/26/18,814
1,T1C.05.ch01.180726.060527.55..ctr',7/26/18,815
1,T1C.07.ch01.180726.060659.64..ctr',7/26/18,816
1,T1C.08.ch01.180726.060842.26..ctr',7/26/18,817
1,T1C.09.ch01.180726.060852.89..ctr',7/26/18,818
1,T1C.10.ch01.180726.060858.60..ctr',7/26/18,819
1,T1C.11.ch01.180726.061005.19..ctr',7/26/18,820
1,T1C.14.ch01.180726.061145.33..ctr',7/26/18,821
1,T1C.15.ch01.180726.061309.51..ctr',7/26/18,822
1,T1C.19.ch01.180726.061800.85..ctr',7/26/18,823
1,T1C.21.ch01.180726.062518.32..ctr',7/26/18,825
1,T1C.25.ch01.180726.060604.81..ctr',7/26/18,826
1,T1C.02.ch01.180727.050137.99..ctr',7/27/18,827
1,T1C.03.ch01.180727.050214.90..ctr',7/27/18,828
1,T1C.05.ch01.180727.050351.46..ctr',7/27/18,829
1,T1C.06.ch01.180727.050603.59..ctr',7/27/18,830
1,T1C.08.ch01.180727.050810.20..ctr',7/27/18,831
1,T1C.09.ch01.180727.050851.16..ctr',7/27/18,832
1,T1C.12.ch01.180727.051606.60..ctr',7/27/18,834
1,T1C.13.ch01.180727.051827.15..ctr',7/27/18,835
1,T1C.15.ch01.180727.062027.30..ctr',7/27/18,836
1,T1C.16.ch01.180727.062137.28..ctr',7/27/18,837
1,T1C.17.ch01.180727.062216.87..ctr',7/27/18,838
1,T1C.20.ch01.180727.062653.44..ctr',7/27/18,841
1,T1C.22.ch01.180727.063035.27..ctr',7/27/18,842
1,T1C.24.ch01.180727.063244.32..ctr',7/27/18,843
1,T1C.25.ch01.180727.063311.66..ctr',7/27/18,844
1,T1C.26.ch01.180727.063529.44..ctr',7/27/18,845
1,T1C.27.ch01.180727.063600.29..ctr',7/27/18,846
1,T1C.28.ch01.180727.063624.22..ctr',7/27/18,847
1,T1C.29.ch01.180727.063904.64..ctr',7/27/18,848
1,T1C.01.ch01.180728.061156.10..ctr',7/28/18,849
1,T1C.01.ch01.180729.210213.10..ctr',7/29/18,850
1,T1C.02.ch01.180729.210234.12..ctr',7/29/18,851
1,T1C.03.ch01.180729.210438.49..ctr',7/29/18,852
1,T1C.04.ch01.180729.210453.47..ctr',7/29/18,853
1,T1C.05.ch01.180729.210916.40..ctr',7/29/18,854
1,T1C.06.ch01.180729.210941.03..ctr',7/29/18,855
1,T1C.09.ch01.180729.211139.23..ctr',7/29/18,856
1,T1C.10.ch01.180729.211158.34..ctr',7/29/18,857
1,T1C.12.ch01.180729.211613.69..ctr',7/29/18,858
1,T1C.13.ch01.180729.211704.39..ctr',7/29/18,859
1,T1C.14.ch01.180729.211858.98..ctr',7/29/18,860
1,T1C.15.ch01.180729.212117.99..ctr',7/29/18,861
1,T1C.16.ch01.180729.212801.59..ctr',7/29/18,862
1,T1C.17.ch01.180729.213154.44..ctr',7/29/18,863
1,T1C.01.ch01.180730.031256.57..ctr',7/30/18,864
1,T1C.02.ch01.180730.074116.27..ctr',7/30/18,865
1,T1C.03.ch01.180730.074145.72..ctr',7/30/18,866
1,T1C.04.ch01.180730.074216.31..ctr',7/30/18,867
1,T1C.01.ch01.180731.050409.30..ctr',7/31/18,868
1,T1C.03.ch01.180731.050905.33..ctr',7/31/18,869
1,T1C.04.ch01.180731.050930.19..ctr',7/31/18,870
1,T1C.05.ch01.180731.100151.88..ctr',7/31/18,871
1,T1C.06.ch01.180731.100512.51..ctr',7/31/18,872
1,T1C.07.ch01.180731.100544.41..ctr',7/31/18,873
1,T1C.08.ch01.180731.100702.91..ctr',7/31/18,874
1,T1C.10.ch01.180731.101402.35..ctr',7/31/18,876
1,T1C.01.ch01.180801.050523.99..ctr',8/1/18,877
1,T1C.02.ch01.180801.050546.80..ctr',8/1/18,878
1,T1C.01.ch01.180802.061031.14..ctr',8/2/18,879
1,T1C.02.ch01.180802.094026.95..ctr',8/2/18,880
1,T1C.03.ch01.180802.094132.14..ctr',8/2/18,881
1,T1C.04.ch01.180802.094159.03..ctr',8/2/18,882
1,T1C.05.ch01.180802.094348.19..ctr',8/2/18,883
1,T1C.06.ch01.180802.094711.22..ctr',8/2/18,884
1,T1C.08.ch01.180802.095307.62..ctr',8/2/18,885
1,T1C.01.ch01.180804.210057.55..ctr',8/4/18,886
1,T1C.02.ch01.180804.213614.27..ctr',8/4/18,887
1,T1C.03.ch01.180804.213714.71..ctr',8/4/18,888
1,T1C.01.ch01.180805.105031.11..ctr',8/5/18,889
1,T1C.02.ch01.180805.105037.02..ctr',8/5/18,890
1,T1C.01.ch01.180807.130000.27.(2).ctr',8/7/18,892
1,T1C.02.ch01.180807.130033.35.(2).ctr',8/7/18,893
1,T1C.05.ch01.180807.131233.10.(2).ctr',8/7/18,895
1,T1C.07.ch01.180807.133729.02.(2).ctr',8/7/18,897
1,T1C.08.ch01.180807.133952.59.(2).ctr',8/7/18,898
1,T1C.03.ch01.180808.142218.18..ctr',8/8/18,900
1,T1C.04.ch01.180808.142609.46..ctr',8/8/18,901
1,T1C.05.ch01.180808.143239.99..ctr',8/8/18,902
1,01.020145.64..ctr',8/9/18,903
1,T1C.01.ch01.180809.230113.52..ctr',8/9/18,904
1,T1C.02.ch01.180809.020209.19..ctr',8/9/18,905
1,T1C.02.ch01.180809.230632.94..ctr',8/9/18,906
1,T1C.03.ch01.180809.020541.06..ctr',8/9/18,907
1,T1C.03.ch01.180809.230717.83..ctr',8/9/18,908
1,T1C.04.ch01.180809.231009.95..ctr',8/9/18,909
1,T1C.05.ch01.180809.231041.72..ctr',8/9/18,910
1,T1C.06.ch01.180809.231140.97..ctr',8/9/18,911
1,T1C.07.ch01.180809.231354.61..ctr',8/9/18,912
1,T1C.08.ch01.180809.231414.34..ctr',8/9/18,913
1,T1C.09.ch01.180809.231730.69..ctr',8/9/18,914
1,T1C.10.ch01.180809.231906.49..ctr',8/9/18,915
1,T1C.02.ch01.180810.000506.51..ctr',8/10/18,916
1,T1C.03.ch01.180810.000752.70..ctr',8/10/18,917
1,T1C.04.ch01.180810.000926.22..ctr',8/10/18,918
1,T1C.06.ch01.180810.001150.99..ctr',8/10/18,919
1,T1C.07.ch01.180810.001348.45..ctr',8/10/18,920
1,T1C.08.ch01.180810.001620.09..ctr',8/10/18,921
1,T1C.12.ch01.180810.074056.32..ctr',8/10/18,922
1,T1C.13.ch01.180810.074209.32..ctr',8/10/18,923
1,T1C.14.ch01.180810.074844.08..ctr',8/10/18,924
1,T1C.15.ch01.180810.074945.31..ctr',8/10/18,925
1,T1C.16.ch01.180810.075247.27..ctr',8/10/18,926
1,T1C.17.ch01.180810.075357.95..ctr',8/10/18,927
1,09.193858.97..ctr',8/11/18,928
1,T1C.02.ch01.180811.180639.84..ctr',8/11/18,930
1,T1C.03.ch01.180811.180821.31..ctr',8/11/18,931
1,T1C.06.ch01.180811.192038.24..ctr',8/11/18,932
1,T1C.01.ch01.180812.160859.49..ctr',8/12/18,935
1,T1C.02.ch01.180812.161051.06..ctr',8/12/18,936
1,T1C.03.ch01.180812.161103.20..ctr',8/12/18,937
1,T1C.04.ch01.180812.161323.30..ctr',8/12/18,938
1,T1C.05.ch01.180812.161722.42..ctr',8/12/18,939
1,T1C.07.ch01.180812.180248.78..ctr',8/12/18,940
1,T1C.08.ch01.180812.181012.45,8/12/18,941
1,T1C.09.ch01.180812.181228.09..ctr',8/12/18,942
1,T1C.10.ch01.180812.181451.69..ctr',8/12/18,943
1,T1C.12.ch01.180812.181846.52..ctr',8/12/18,944
1,T1C.01.ch01.180813.000545.68..ctr',8/13/18,945
1,T1C.02.ch01.180813.000652.82..ctr',8/13/18,946
1,T1C.03.ch01.180813.000723.07..ctr',8/13/18,947
1,T1C.04.ch01.180813.001208.52..ctr',8/13/18,948
1,T1C.07.ch01.180813.001450.07..ctr',8/13/18,949
1,T1C.08.ch01.180813.001544.25..ctr',8/13/18,950
1,T1C.09.ch01.180813.001631.74..ctr',8/13/18,951
1,T1C.11.ch01.180813.001909.26..ctr',8/13/18,952
1,T1C.12.ch01.180813.002119.68..ctr',8/13/18,953
1,T1C.13.ch01.180813.002437.50..ctr',8/13/18,954
1,T1C.15.ch01.180813.003209.41..ctr',8/13/18,955
1,T1C.01.ch01.180814.070353.58..ctr',8/14/18,956
1,T1C.02.ch01.180814.070702.33..ctr',8/14/18,957
1,T1C.04.ch01.180814.071102.92..ctr',8/14/18,958
1,T1C.05.ch01.180814.094102.33..ctr',8/14/18,959
1,T1C.07.ch01.180814.094212.68..ctr',8/14/18,961
1,T1C.08.ch01.180814.095426.61..ctr',8/14/18,962
1,T1C.01.ch01.180815.070249.89..ctr',8/15/18,963
1,T1C.03.ch01.180815.070649.84..ctr',8/15/18,964
1,T1C.04.ch01.180815.070913.65..ctr',8/15/18,965
1,T1C.05.ch01.180815.120255.42..ctr',8/15/18,966
1,T1C.06.ch01.180815.120315.74..ctr',8/15/18,967
1,T1C.03.ch01.180816.091404.85..ctr',8/16/18,969
1,T1C.04.ch01.180816.091638.22..ctr',8/16/18,970
1,T1C.05.ch01.180816.091708.47..ctr',8/16/18,971
1,T1C.06.ch01.180816.091912.97..ctr',8/16/18,972
1,T1C.07.ch01.180816.091911.42..ctr',8/16/18,973
1,T1C.01.ch01.180817.090645.26..ctr',8/17/18,974
1,T1C.02.ch01.180817.091044.76..ctr',8/17/18,975
1,T1C.03.ch01.180817.091457.67..ctr',8/17/18,976
1,T1C.04.ch01.180817.091618.72..ctr',8/17/18,977
1,T1C.01.ch01.180818.070126.30..ctr',8/18/18,978
1,T1C.02.ch01.180818.070136.77..ctr',8/18/18,979
1,T1C.04.ch01.180818.070604.00..ctr',8/18/18,980
1,T1C.05.ch01.180818.070803.07..ctr',8/18/18,981
1,T1C.07.ch01.180818.071355.32..ctr',8/18/18,982
1,T1C.08.ch01.180818.071546.16..ctr',8/18/18,983
1,T1C.09.ch01.180818.071636.31..ctr',8/18/18,984
1,T1C.10.ch01.180818.071630.08..ctr',8/18/18,985
1,T1C.11.ch01.180818.071917.95..ctr',8/18/18,986
1,T1C.12.ch01.180818.122258.01..ctr',8/18/18,987
1,T1C.15.ch01.180818.123633.99..ctr',8/18/18,989
1,T1C.01.ch01.180819.020030.97..ctr',8/19/18,990
1,T1C.02.ch01.180819.020115.16..ctr',8/19/18,991
1,T1C.05.ch01.180819.020734.83..ctr',8/19/18,993
1,T1C.06.ch01.180819.020825.51..ctr',8/19/18,994
1,T1C.07.ch01.180819.021303.28..ctr',8/19/18,995
1,T1C.02.ch01.180820.111149.42..ctr',8/20/18,996
1,T1C.01.ch01.180821.022115.56..ctr',8/21/18,997
1,T1C.02.ch01.180821.062548.27..ctr',8/21/18,998
1,T1C.01.ch01.180822.110043.09..ctr',8/22/18,1001
1,T1C.02.ch01.180822.110132.88..ctr',8/22/18,1002
1,T1C.03.ch01.180822.110347.66..ctr',8/22/18,1003
1,T1C.04.ch01.180822.110638.96..ctr',8/22/18,1004
1,T1C.05.ch01.180822.110909.81..ctr',8/22/18,1005
1,T1C.06.ch01.180822.111256.05..ctr',8/22/18,1006
1,T1C.08.ch01.180822.111548.28..ctr',8/22/18,1008
1,T1C.09.ch01.180822.140305.98..ctr',8/22/18,1009
1,T1C.10.ch01.180822.140907.41..ctr',8/22/18,1010
1,T1C.11.ch01.180822.141629.53..ctr',8/22/18,1011
1,T1C.01.ch01.180823.220051.85..ctr',8/23/18,1012
1,T1C.02.ch01.180823.220120.10..ctr',8/23/18,1013
1,T1C.06.ch01.180823.220647.11..ctr',8/23/18,1014
1,T1C.07.ch01.180823.220954.68..ctr',8/23/18,1015
1,T1C.11.ch01.180823.222155.14..ctr',8/23/18,1017
1,T1C.12.ch01.180823.222719.55..ctr',8/23/18,1018
1,T1C.14.ch01.180823.223144.57..ctr',8/23/18,1020
1,T1C.15.ch01.180823.223445.32..ctr',8/23/18,1021
1,T1C.16.ch01.180823.223554.53..ctr',8/23/18,1022
1,T1C.01.ch01.180824.070348.14.(2).ctr',8/24/18,1023
1,T1C.02.ch01.180824.071920.72.(2).ctr',8/24/18,1024
1,T1C.03.ch01.180824.080807.53.(2).ctr',8/24/18,1025
1,T1C.04.ch01.180824.081100.80..ctr',8/24/18,1026
1,T1C.05.ch01.180824.081146.76.(2).ctr',8/24/18,1027
1,T1C.01.ch01.180826.140259.26..ctr',8/26/18,1028
1,T1C.02.ch01.180826.140711.39..ctr',8/26/18,1029
1,T1C.03.ch01.180826.140753.53..ctr',8/26/18,1030
1,T1C.05.ch01.180826.144530.07..ctr',8/26/18,1031
1,T1C.01.ch01.180827.061203.67..ctr',8/27/18,1032
1,T1C.03.ch01.180827.061308.49..ctr',8/27/18,1033
1,T1C.04.ch01.180827.061842.41..ctr',8/27/18,1034
1,T1C.05.ch01.180827.112348.35..ctr',8/27/18,1035
1,T1C.01.ch01.180828.041155.83..ctr',8/28/18,1036
1,T1C.03.ch01.180828.095319.93..ctr',8/28/18,1037
1,T1C.01.ch01.180830.050059.04..ctr',8/30/18,1039
1,T1C.02.ch01.180830.051620.89..ctr',8/30/18,1040
1,T1C.03.ch01.180830.051753.33..ctr',8/30/18,1041
1,T1C.04.ch01.180830.092703.09..ctr',8/30/18,1042
1,T1C.05.ch01.180830.093110.96..ctr',8/30/18,1043
1,T1C.01.ch01.180831.000134.62..ctr',8/31/18,1044
1,T1C.02.ch01.180831.000157.53..ctr',8/31/18,1045
1,T1C.03.ch01.180831.000550.08..ctr',8/31/18,1046
1,T1C.01.ch01.180901.180239.10..ctr',9/1/18,1047
1,T1C.01.ch01.180902.053037.07..ctr',9/2/18,1048
1,T1C.01.ch01.180902.054924.23..ctr',9/2/18,1049
1,T1C.01.ch01.180903.210042.24..ctr',9/3/18,1050
1,T1C.01.ch01.180903.211845.39..ctr',9/3/18,1051
1,T1C.01.ch01.180903.213001.95..ctr',9/3/18,1052
1,T1C.01.ch01.180903.214503.70..ctr',9/3/18,1053
1,T1C.02.ch01.180903.211848.83..ctr',9/3/18,1054
1,T1C.03.ch01.180903.213128.20..ctr',9/3/18,1057
1,T1C.03.ch01.180903.214719.07..ctr',9/3/18,1058
1,T1C.04.ch01.180903.213327.56..ctr',9/3/18,1059
1,T1C.04.ch01.180903.214739.26..ctr',9/3/18,1060
1,T1C.01.ch01.180904.070017.65..ctr',9/4/18,1061
1,T1C.01.ch01.180904.071748.99..ctr',9/4/18,1062
1,T1C.01.ch01.180904.230108.40..ctr',9/4/18,1063
1,T1C.01.ch01.180904.231501.84..ctr',9/4/18,1064
1,T1C.01.ch01.180904.233001.00..ctr',9/4/18,1065
1,T1C.01.ch01.180904.234709.35..ctr',9/4/18,1066
1,T1C.02.ch01.180904.070115.72..ctr',9/4/18,1067
1,T1C.02.ch01.180904.230239.75..ctr',9/4/18,1068
1,T1C.02.ch01.180904.233004.26..ctr',9/4/18,1069
1,T1C.02.ch01.180904.234512.73..ctr',9/4/18,1070
1,T1C.03.ch01.180904.230034.44..ctr',9/4/18,1072
1,T1C.03.ch01.180904.231656.87..ctr',9/4/18,1073
1,T1C.03.ch01.180904.233017.48..ctr',9/4/18,1074
1,T1C.04.ch01.180904.070428.74..ctr',9/4/18,1075
1,T1C.04.ch01.180904.233031.67..ctr',9/4/18,1076
1,T1C.05.ch01.180904.233113.17..ctr',9/4/18,1077
1,T1C.01.ch01.180905.000016.60..ctr',9/5/18,1078
1,T1C.01.ch01.180905.001928.81..ctr',9/5/18,1079
1,T1C.01.ch01.180905.003006.80..ctr',9/5/18,1080
1,T1C.01.ch01.180905.004619.03..ctr',9/5/18,1081
1,T1C.01.ch01.180905.234942.33..ctr',9/5/18,1082
1,T1C.02.ch01.180905.000110.76..ctr',9/5/18,1083
1,T1C.04.ch01.180905.000305.02..ctr',9/5/18,1085
1,T1C.01.ch01.180906.180016.00..ctr',9/6/18,1087
1,T1C.01.ch01.180906.181541.99..ctr',9/6/18,1088
1,T1C.02.ch01.180906.181700.53..ctr',9/6/18,1090
1,T1C.02.ch01.180906.183319.57..ctr',9/6/18,1091
1,T1C.02.ch01.180906.184513.15..ctr',9/6/18,1092
1,T1C.03.ch01.180906.181740.42..ctr',9/6/18,1093
1,T1C.03.ch01.180906.184532.61..ctr',9/6/18,1094
1,T1C.04.ch01.180906.181845.76..ctr',9/6/18,1095
1,T1C.01.ch01.180907.020001.65..ctr',9/7/18,1096
1,T1C.01.ch01.180907.023038.27..ctr',9/7/18,1097
1,T1C.01.ch01.180907.024508.02..ctr',9/7/18,1098
1,T1C.01.ch01.180907.151509.35..ctr',9/7/18,1100
1,T1C.02.ch01.180907.023102.06..ctr',9/7/18,1101
1,T1C.02.ch01.180907.024526.25..ctr',9/7/18,1102
1,T1C.02.ch01.180907.151517.01..ctr',9/7/18,1103
1,T1C.03.ch01.180907.023219.26..ctr',9/7/18,1104
1,T1C.03.ch01.180907.024604.60..ctr',9/7/18,1105
1,01.151644.84..ctr',9/8/18,1109
1,T1C.01.ch01.180908.020135.51..ctr',9/8/18,1110
1,T1C.01.ch01.180908.154629.41..ctr',9/8/18,1112
1,T1C.02.ch01.180908.151654.02..ctr',9/8/18,1113
1,T1C.02.ch01.180908.154956.61..ctr',9/8/18,1114
1,T1C.01.ch01.180910.170316.50..ctr',9/10/18,1115
1,T1C.01.ch01.180910.171521.47..ctr',9/10/18,1116
1,T1C.01.ch01.180911.100128.08..ctr',9/11/18,1117
1,T1C.02.ch01.180911.101610.78..ctr',9/11/18,1119
1,T1C.03.ch01.180911.101722.65..ctr',9/11/18,1120
1,T1C.01.ch01.180916.120259.85..ctr',9/16/18,1121
1,T1C.01.ch01.180917.131755.09..ctr',9/17/18,1122
1,T1C.01.ch01.180918.154702.03..ctr',9/18/18,1123
1,T1C.01.ch01.180919.224603.28..ctr',9/19/18,1124
1,T1C.01.ch01.180920.081740.81..ctr',9/20/18,1125
1,T1C.01.ch01.180920.084520.63..ctr',9/20/18,1126
1,T1C.03.ch01.180920.084701.08..ctr',9/20/18,1127
1,T1C.04.ch01.180920.084803.33..ctr',9/20/18,1128
1,T1C.01.ch01.180921.093003.84..ctr',9/21/18,1129
1,T1C.01.ch01.180921.180007.68..ctr',9/21/18,1130
1,T1C.02.ch01.180921.093021.47..ctr',9/21/18,1132
1,T1C.03.ch01.180921.180152.66..ctr',9/21/18,1133
1,T1C.06.ch01.180921.093114.63..ctr',9/21/18,1135
1,T1C.07.ch01.180921.093207.89,9/21/18,1136
1,T1C.08.ch01.180921.093252.09..ctr',9/21/18,1137
1,T1C.09.ch01.180921.093259.85..ctr',9/21/18,1138
1,T1C.10.ch01.180921.093315.64..ctr',9/21/18,1139
1,T1C.01.ch01.180922.083016.51..ctr',9/22/18,1140
1,T1C.01.ch01.180922.091524.46..ctr',9/22/18,1142
1,T1C.01.ch01.180922.093157.52..ctr',9/22/18,1143
1,T1C.01.ch01.180922.094821.25..ctr',9/22/18,1144
1,T1C.01.ch01.180922.121703.61..ctr',9/22/18,1145
1,T1C.02.ch01.180922.083039.21..ctr',9/22/18,1147
1,T1C.02.ch01.180922.091530.39..ctr',9/22/18,1148
1,T1C.02.ch01.180922.093220.83..ctr',9/22/18,1149
1,T1C.02.ch01.180922.094831.36..ctr',9/22/18,1150
1,T1C.02.ch01.180922.121754.73..ctr',9/22/18,1151
1,T1C.02.ch01.180922.124756.93..ctr',9/22/18,1152
1,T1C.03.ch01.180922.083104.32..ctr',9/22/18,1153
1,T1C.03.ch01.180922.090041.76..ctr',9/22/18,1154
1,T1C.03.ch01.180922.091752.50..ctr',9/22/18,1155
1,T1C.03.ch01.180922.094922.07..ctr',9/22/18,1156
1,T1C.04.ch01.180922.090338.69..ctr',9/22/18,1157
1,T1C.05.ch01.180922.090349.39..ctr',9/22/18,1158
1,T1C.08.ch01.180922.090424.43..ctr',9/22/18,1159
1,T1C.01.ch01.180923.080145.99..ctr',9/23/18,1160
1,T1C.01.ch01.180923.081600.76..ctr',9/23/18,1161
1,T1C.01.ch01.180923.083004.80..ctr',9/23/18,1162
1,T1C.01.ch01.180923.130015.29..ctr',9/23/18,1163
1,T1C.01.ch01.180923.131512.36..ctr',9/23/18,1164
1,T1C.01.ch01.180923.133018.28..ctr',9/23/18,1165
1,T1C.02.ch01.180923.083010.90..ctr',9/23/18,1168
1,T1C.02.ch01.180923.131607.38..ctr',9/23/18,1170
1,T1C.02.ch01.180923.133146.86..ctr',9/23/18,1171
1,T1C.03.ch01.180923.081815.22..ctr',9/23/18,1172
1,T1C.03.ch01.180923.083056.65..ctr',9/23/18,1173
1,T1C.03.ch01.180923.130139.43..ctr',9/23/18,1174
1,T1C.03.ch01.180923.133155.13..ctr',9/23/18,1175
1,T1C.04.ch01.180923.081855.38..ctr',9/23/18,1176
1,T1C.04.ch01.180923.083128.90..ctr',9/23/18,1177
1,T1C.04.ch01.180923.130153.04..ctr',9/23/18,1178
1,T1C.04.ch01.180923.133300.20..ctr',9/23/18,1179
1,T1C.05.ch01.180923.081909.61..ctr',9/23/18,1180
1,T1C.05.ch01.180923.083142.23,9/23/18,1181
1,T1C.05.ch01.180923.130222.81..ctr',9/23/18,1182
1,T1C.05.ch01.180923.131744.70..ctr',9/23/18,1183
1,T1C.06.ch01.180923.083153.36..ctr',9/23/18,1184
1,T1C.06.ch01.180923.130236.69..ctr',9/23/18,1185
1,T1C.06.ch01.180923.131747.56..ctr',9/23/18,1186
1,T1C.07.ch01.180923.083206.62..ctr',9/23/18,1187
1,T1C.07.ch01.180923.130246.15..ctr',9/23/18,1188
1,T1C.07.ch01.180923.131757.07..ctr',9/23/18,1189
1,T1C.08.ch01.180923.083228.31..ctr',9/23/18,1190
1,T1C.08.ch01.180923.130408.24..ctr',9/23/18,1191
1,T1C.09.ch01.180923.083230.82..ctr',9/23/18,1192
1,T1C.09.ch01.180923.131835.56..ctr',9/23/18,1194
1,T1C.10.ch01.180923.083241.87..ctr',9/23/18,1195
1,T1C.11.ch01.180923.131854.47..ctr',9/23/18,1197
1,T1C.12.ch01.180923.083259.88..ctr',9/23/18,1198
1,T1C.12.ch01.180923.131912.12..ctr',9/23/18,1199
1,T1C.14.ch01.180923.131951.60..ctr',9/23/18,1201
1,T1C.01.ch01.180925.100316.86..ctr',9/25/18,1202
1,T1C.01.ch01.180925.121732.48..ctr',9/25/18,1203
1,T1C.02.ch01.180925.100424.49..ctr',9/25/18,1204
1,T1C.01.ch01.180926.110238.11..ctr',9/26/18,1206
1,T1C.01.ch01.180926.111611.85..ctr',9/26/18,1207
1,T1C.01.ch01.180926.113314.31..ctr',9/26/18,1208
1,T1C.01.ch01.180926.120106.42..ctr',9/26/18,1210
1,T1C.02.ch01.180926.110428.83..ctr',9/26/18,1211
1,T1C.02.ch01.180926.111744.33..ctr',9/26/18,1212
1,T1C.02.ch01.180926.114843.21..ctr',9/26/18,1213
1,T1C.03.ch01.180926.114917.67..ctr',9/26/18,1214
1,08.084917.35..ctr',9/27/18,1215
1,T1C.02.ch01.180927.084614.21..ctr',9/27/18,1217
1,T1C.03.ch01.180927.084623.70..ctr',9/27/18,1218
1,T1C.04.ch01.180927.084639.17..ctr',9/27/18,1219
1,T1C.05.ch01.180927.084757.34..ctr',9/27/18,1220
1,T1C.06.ch01.180927.084850.68..ctr',9/27/18,1221
1,T1C.07.ch01.180927.084910.23..ctr',9/27/18,1222
1,T1C.09.ch01.180927.084930.16..ctr',9/27/18,1223
1,T1C.01.ch01.180908.151644.84..ctr',9/28/18,1224
1,T1C.01.ch01.180928.110204.18..ctr',9/28/18,1225
1,T1C.01.ch01.180928.114548.36..ctr',9/28/18,1226
1,T1C.01.ch01.180928.170359.20..ctr',9/28/18,1227
1,T1C.01.ch01.180928.173001.20..ctr',9/28/18,1228
1,T1C.01.ch01.180928.174516.27..ctr',9/28/18,1229
1,T1C.02.ch01.180928.173033.34..ctr',9/28/18,1230
1,T1C.02.ch01.180928.174532.42..ctr',9/28/18,1231
1,T1C.03.ch01.180928.173053.95..ctr',9/28/18,1232
1,T1C.03.ch01.180928.174656.03..ctr',9/28/18,1233
1,T1C.04.ch01.180928.173413.19..ctr',9/28/18,1234
1,T1C.06.ch01.180928.174933.59..ctr',9/28/18,1237
1,T1C.01.ch01.180929.000014.03..ctr',9/29/18,1238
1,T1C.01.ch01.180929.001502.70..ctr',9/29/18,1239
1,T1C.01.ch01.180929.003322.52..ctr',9/29/18,1240
1,T1C.01.ch01.180929.191639.19..ctr',9/29/18,1241
1,T1C.01.ch01.180929.193019.82..ctr',9/29/18,1242
1,T1C.01.ch01.180929.194513.28..ctr',9/29/18,1243
1,T1C.02.ch01.180929.000033.90..ctr',9/29/18,1244
1,T1C.02.ch01.180929.001728.01..ctr',9/29/18,1245
1,T1C.02.ch01.180929.003415.79..ctr',9/29/18,1246
1,T1C.02.ch01.180929.193001.92..ctr',9/29/18,1248
1,T1C.03.ch01.180929.001803.19..ctr',9/29/18,1250
1,T1C.03.ch01.180929.004828.52..ctr',9/29/18,1251
1,T1C.04.ch01.180929.001821.13..ctr',9/29/18,1253
1,T1C.01.ch01.180930.110014.49..ctr',9/30/18,1254
1,T1C.01.ch01.180930.111611.04..ctr',9/30/18,1255
1,T1C.01.ch01.180930.113229.83..ctr',9/30/18,1256
1,T1C.01.ch01.180930.114730.68..ctr',9/30/18,1257
1,T1C.01.ch01.180930.220327.61..ctr',9/30/18,1258
1,T1C.01.ch01.180930.221833.69..ctr',9/30/18,1259
1,T1C.01.ch01.180930.223214.63..ctr',9/30/18,1260
1,T1C.02.ch01.180930.223229.84..ctr',9/30/18,1262
1,T1C.02.ch01.180930.224916.26..ctr',9/30/18,1263
1,T1C.03.ch01.180930.110217.72..ctr',9/30/18,1264
1,T1C.05.ch01.180930.110342.88..ctr',9/30/18,1267
1,T1C.01.ch01.181003.071737.15..ctr',10/3/18,1268
1,T1C.03.ch01.181003.083245.83..ctr',10/3/18,1269
1,T1C.05.ch01.181003.083350.57..ctr',10/3/18,1270
1,T1C.01.ch01.181004.1017.30..ctr',10/4/18,1272
1,T1C.01.ch01.181005.060819.18..ctr',10/5/18,1273
1,T1C.02.ch01.181005.061020.75..ctr',10/5/18,1274
1,T1C.03.ch01.181005.061654.93..ctr',10/5/18,1275
1,T1C.04.ch01.181005.061725.86..ctr',10/5/18,1276
1,T1C.05.ch01.181005.061912.68..ctr',10/5/18,1277
1,T1C.06.ch01.181005.062308.42..ctr',10/5/18,1278
1,T1C.01.ch01.181006.110428.18..ctr',10/6/18,1279
1,T1C.02.ch01.181006.144406.05..ctr',10/6/18,1280
1,T1C.01.ch01.181007.100409.25..ctr',10/7/18,1281
1,T1C.02.ch01.181007.100930.85..ctr',10/7/18,1282
1,T1C.03.ch01.181007.101706.74..ctr',10/7/18,1283
1,T1C.04.ch01.181007.102313.90..ctr',10/7/18,1284
1,T1C.01.ch01.181008.070105.43..ctr',10/8/18,1285
1,T1C.02.ch01.181008.071933.60..ctr',10/8/18,1286
1,T1C.03.ch01.181008.071943.22..ctr',10/8/18,1287
1,T1C.02.ch01.181009.111128.57..ctr',10/9/18,1291
1,T1C.01.ch01.181010.133900.56..ctr',10/10/18,1292
1,T1C.01.ch01.181011.060634.52..ctr',10/11/18,1293
1,T1C.01.ch01.181013.031947.22..ctr',10/13/18,1295
,,,
,,,
,,,
,,,
,,,
,,,
,,,
,,,
,,,
,,,
,,,
,,,
,,,
,,,
,,,
,,,
,,,
,,,
,,,
,,,
,,,
,,,
,,,
,,,
,,,
,,,
,,,
,,,
,,,
,,,
,,,
,,,
,,,
,,,
,,,
,,,
,,,
,,,
,,,
,,,
,,,
,,,
,,,
,,,
,,,
,,,
,,,
,,,
,,,
,,,
,,,
,,,
,,,
,,,
,,,
,,,
,,,
,,,
,,,
,,,
,,,
,,,
,,,
,,,
,,,
,,,
,,,
,,,
,,,
,,,
,,,
,,,
,,,
,,,
,,,
,,,
,,,
,,,
,,,
,,,
,,,
,,,
,,,
,,,
,,,
,,,
,,,
,,,
,,,
,,,
,,,
,,,
,,,
,,,
,,,
,,,
,,,
,,,
,,,
,,,
,,,
,,,
,,,
,,,
,,,
,,,
,,,
,,,
,,,
,,,
,,,
,,,
,,,
,,,
,,,
,,,
,,,
,,,
,,,
,,,
,,,
,,,
,,,
,,,
,,,
,,,
,,,
,,,
,,,
,,,
,,,
,,,
,,,
,,,
,,,
,,,
,,,
,,,
,,,
,,,
,,,
,,,
,,,
,,,
,,,
,,,
,,,
,,,
,,,
,,,
,,,
,,,
,,,
,,,
,,,
,,,
,,,
,,,
,,,
,,,
,,,
,,,
,,,
,,,
,,,
,,,
,,,
,,,
,,,
,,,
,,,
,,,
,,,
,,,
,,,
,,,
,,,
,,,
,,,
,,,
,,,
,,,
,,,
,,,
,,,
,,,