Index,WhisNum,SiteNum,Filename,Region,Startfreq,Endfreq,Minfreq,Maxfreq,Deltafreq,Duration,Extrema,SPLrms
1,1,2,20170116_000843.ctr,Coastal,10339.9,6118.6,6118.6,18403.2,12284.6,1.113,3,123.0410518
1,2,2,20170130_030127.ctr,Coastal,11573.1,7778.7,7778.7,18592.9,10814.2,0.878,3,123.0740037
2,1,2,20160730_010910.094.ctr',Coastal,5691.7,5430.8,3154.2,5881.4,2727.2,1.432,6,112.4321282
2,2,2,20160814_211144.492.ctr',Coastal,5125.3,2762.1,2762.1,6230.2,3468.1,1.795,6,118.7292864
3,1,2,20160818_230411.163.ctr,Coastal,2608.7,1754.9,1754.9,3130.4,1375.5,1.192,4,106.5563945
3,2,2,20160819_000910.428.ctr,Coastal,4125.3,1945.2,1710.5,4125.3,2414.8,1.014,5,106.4184337
4,1,2,20170115_231921.ctr,Coastal,11288.5,12237.2,7826.1,13754.9,5928.8,0.959,10,123.0772849
4,2,2,20170118_081319.ctr,Coastal,10956.5,13375.5,7778.7,13375.5,5596.8,0.614,9,122.9963503
5,1,2,20170116_030612.ctr,Coastal,15889.3,11688,6071.1,15889.3,9818.2,0.988,3,123.5142776
5,2,2,20170220_210319.ctr,Coastal,17691.7,7920.9,6735.2,17691.7,10956.5,0.811,3,123.0503574
6,1,2,20170120_051732.ctr,Coastal,14751,8869.6,8869.6,14751,5881.4,1.193,2,123.8316813
6,2,2,A5C.02.ch01.181202.090115.37..ctr',Coastal,13754.9,8774.7,8774.7,14703.6,5928.9,1.291,3,109.1800402
7,1,2,20170121_050359.ctr,Coastal,9960.5,12569.2,8632.4,22197.6,13565.2,1.32,4,123.0244194
7,2,2,20170227_031237.ctr,Coastal,13517.8,11715.4,8015.8,19731.2,11715.4,1.845,4,125.15898
8,1,2,20170129_210743.ctr,Coastal,15841.9,12806.3,5881.4,16980.2,11098.8,1.276,5,123.3882296
8,2,2,20170227_001615.ctr,Coastal,11146.2,13849.8,8300.4,20205.5,11905.1,1.348,5,125.7680403
9,1,2,20170130_030244.ctr,Coastal,12142.3,10197.5,10197.5,15794.5,5597,0.823,3,123.0740037
9,2,2,20170402_041218.ctr,Coastal,12284.6,11004,11004,15936.8,4932.8,1.356,3,123.0339848
10,1,2,20170131_211849.ctr',Coastal,11228.9,9156.6,8481.9,13879.5,5397.6,1.546,6,124.2460213
10,2,2,A5C.01.ch01.180818.074530.89..ctr',Coastal,8771.1,9194.8,8771.1,14650.6,5879.5,0.859,5,118.7554646
11,1,2,20170205_180402.ctr,Coastal,7036.1,11180.7,5831.3,15518.1,9686.8,1.308,5,123.1071605
11,2,2,20170206_170211.ctr,Coastal,8144.6,11277.1,8144.6,15566.3,7421.7,1.313,5,123.2210437
12,1,2,20170213_011433.ctr',Coastal,14747,5445.8,5445.8,14747,9301.2,1.471,2,124.1481191
12,2,1,T1C.03.ch01.180929.194715.05..ctr',Coastal,11951.8,4771.1,4771.1,11951.8,7180.7,0.853,2,130.7134514
13,1,2,20170311_090639,Coastal,13831.3,11228.9,8433.7,17686.7,9253,1.352,4,123.1369084
13,2,2,A5C.02.ch01.181202.203011.66..ctr',Coastal,14988,13734.9,8963.9,15855.4,6891.5,0.87,4,110.1284745
14,1,1,20170613.133806.29..sel.30.30wav.ctr',Coastal,10120.5,13060.2,6361.4,13060.2,6698.8,0.482,3,122.8700427
14,2,1,20170613.231025.64..sel.93.93wav.ctr',Coastal,7903.6,11132.5,6168.7,11132.5,4963.8,0.35,3,125.9787226
14,3,1,20170614.063608.88..sel.134.134wav.ctr',Coastal,8144.6,14650.6,6698.8,14650.6,7951.8,0.397,3,122.9561594
14,4,1,20170614.160137.41..sel.193.193wav.ctr,Coastal,8674.7,13783.1,6554.2,13783.1,7228.9,0.452,3,122.9763576
14,5,1,T1C.03.ch01.180905.000125.62..ctr',Coastal,10361.4,18939.8,6361.4,18939.8,12578.4,0.603,3,130.9451007
14,6,1,T1C.01.ch01.180908.153222.16..ctr',Coastal,8771.1,14216.9,6891.6,14216.9,7325.3,0.259,3,130.7563898
14,7,1,T1C.01.ch01.180922.090012.45..ctr',Coastal,10409.6,13060.2,6361.4,13060.2,6698.8,0.353,3,130.7634033
15,1,1,20170613.150439.27..sel.57.57wav.ctr',Coastal,7586.2,16827.6,6827.6,16827.6,10000,0.344,3,122.9404426
15,2,1,sel.331.T1C.2017.07.ctr',Coastal,8206.9,17793.1,8206.9,17793.1,9586.2,0.462,2,123.002432
15,3,1,sel.462.T1C.2017.07.ctr',Coastal,8000,15279.3,7724.1,15279.3,7555.2,0.528,4,122.989568
15,4,4,Pot02.190814.011604.59.ctr',Bay,8206.9,15034.5,8206.9,15034.5,6827.6,0.44,2,122.2030557
15,5,1,T1C.12.ch01.180923.131912.12..ctr',Coastal,8137.9,16965.5,7655.2,16965.5,9310.3,0.444,3,130.7448447
16,1,1,20170613.153723.73..sel.69.69wav.ctr',Coastal,4827.6,14275.9,4827.6,15655.2,10827.6,0.336,4,122.9259171
16,2,1,T1C.09.ch01.180923.130416.89..ctr',Coastal,4689.7,14000,4689.7,14000,9310.3,0.206,2,130.7521126
18,1,1,20170613.164704.22..sel.84.84wav.ctr,Coastal,7793.1,4620.7,3655.2,12413.8,8758.6,0.744,5,122.9662458
18,2,1,20170616.115809.40..sel.331.331wav.ctr,Coastal,6069,4344.8,3655.2,10896.6,7241.4,1.332,6,122.9541829
19,1,1,20170613.231118.65..sel.96.96wav.ctr',Coastal,9217.8,16412.2,9217.8,16412.2,7194.4,0.257,4,125.9787226
19,2,1,sel.02_T1C_201708.ctr',Coastal,9420.6,15700.9,9420.6,15700.9,6280.3,0.173,4,122.9435052
19,3,1,sel.37.T1C.2017.07.ctr',Coastal,9373.4,15553.6,9373.4,15553.6,6180.2,0.172,2,122.9774206
20,1,1,20170613.164658.07..sel.83.83wav.ctr',Coastal,7289.7,7289.7,7289.7,15925.2,8635.5,0.567,3,122.9662458
20,2,3,rr.23.ch01.180625.155551.ctr--rr.23.ch01.180625.155513.ctr,Bay,6852,5821.6,4430.6,15558.6,11128,1.294,4,131.1894396
21,1,1,20170613.230549.83..sel.92.92wav.ctr',Coastal,7009.3,14243,7009.3,14243,7233.7,0.464,2,126.7853394
21,2,1,T1C.04.ch01.180807.131200.51.(2).ctr',Coastal,6616.8,14579.4,6616.8,14579.4,7962.6,0.7,2,130.7991753
22,1,1,20170613.231728.70..sel.110.110wav.ctr',Coastal,3981.3,10934.6,3981.3,10934.6,6953.3,0.501,2,125.9787226
22,2,2,A5C.01.ch01.180920.194652.73..ctr',Coastal,4373.8,9420.6,4373.8,9420.6,5046.8,0.327,2,118.844589
23,1,1,20170613.231314.12..sel.102.102wav.ctr',Coastal,12168.2,12448.6,6897.2,12448.6,5551.4,0.57,3,125.9787226
23,2,2,A5C.01.ch01.181202.090039.22..ctr',Coastal,12672.9,8859.8,7345.8,12672.9,5327.1,0.407,3,109.1800402
24,1,1,20170614.063101.02..sel.133.133wav.ctr',Coastal,8747.7,10373.8,7850.5,10373.8,2523.3,0.228,3,122.9561594
24,2,1,sel.03_T1C_201708.ctr',Coastal,9757,12672.9,8243,12672.9,4429.9,0.201,3,122.9737676
25,1,1,20170614.063627.86..sel.139.139wav.ctr',Coastal,10598.1,13514,8467.3,13514,5046.7,0.613,3,122.9561594
25,2,1,T1C.01.ch01.180906.013223.69..ctr',Coastal,10261.7,14915.9,7962.6,14915.9,6953.3,0.263,3,130.9016123
26,1,1,20170614.161920.10..sel.198.198wav.ctr',Coastal,8803.7,7345.8,7345.8,14130.8,6785,0.937,4,122.9563838
26,2,2,20170617_211513.ctr',Coastal,7514,7457.9,7457.9,14355.1,6897.2,0.648,4,119.0525931
26,3,1,20170616.185250.47..sel.339wav.ctr,Coastal,10149.5,6280.4,6280.4,14411.2,8130.8,0.849,4,123.2968426
27,1,1,20170614.163551.56..sel.212.212wav.ctr,Coastal,8747.7,4261.7,4261.7,8747.7,4486,0.813,2,122.9561594
27,2,1,20170615.011242.79..sel.231.231wav.ctr,Coastal,9364.5,3532.7,3532.7,10149.5,6616.8,0.776,5,123.2336029
28,1,1,20170614.112512.47..sel.144.144wav.ctr,Coastal,5607.5,4261.7,3813.1,11046.7,7233.6,0.786,6,122.9530796
28,2,1,20170618.053837.22..sel.390.390wav.ctr,Coastal,4373.8,5327.1,4373.8,12280.4,7906.6,0.853,7,122.9738419
28,3,1,20170618.115621.21..sel429.429wav.ctr,Coastal,4934.6,5046.7,4598.1,11607.5,7009.4,0.536,5,123.0280081
28,4,1,T1C.01.ch01.180911.101602.14..ctr',Coastal,4710.3,4822.4,4373.8,15196.3,10822.5,0.402,6,130.8781831
29,1,1,20170614.163836.14..sel.217.217wav.ctr',Coastal,12000,4205.6,4205.6,12000,7794.4,0.695,4,122.9561594
29,2,1,sel.306.T1C.2017.07.ctr',Coastal,12000,3981.3,3981.3,12000,8018.7,0.837,2,122.9722564
29,3,1,sel.129_T1C_201708.ctr',Coastal,14019.7,4429.9,4037.4,14018.7,9981.3,0.788,5,126.2976121
29,4,2,A5C.03.ch01.181119.000116.48..ctr',Coastal,10766.4,6672.9,6672.9,10766.4,4093.5,0.986,2,109.1773693
29,5,4,Pot02.190814.015629.23.ctr',Bay,12392.5,4149.5,4149.5,12392.5,8243,0.835,2,121.8636461
30,1,1,20170615.051744.39..sel.244.244wav.ctr',Coastal,7107.3,11433.5,6643.8,14214.6,7570.8,0.861,7,122.9562954
30,2,1,sel.287.T1C.2017.07.ctr',Coastal,7158.8,11124.5,7004.3,12051.5,5047.2,0.759,7,122.9863
30,3,1,sel.466.T1C.2017.07.ctr',Coastal,7364.8,12669.5,7313.3,12669.5,5356.2,0.897,10,123.1616927
31,1,1,20170615.025327.15..sel.238.238wav.ctr',Coastal,7570.8,8909.9,7570.8,11176,3605.2,0.56,4,122.9287009
31,2,1,T1C.06.ch01.180814.094103.52..ctr',Coastal,9012.9,8034.3,8034.3,12051.5,4017.2,0.514,3,130.7568327
31,3,2,A5C.01.ch01.181205.101504.28..ctr',Coastal,9939.9,9373.4,8446.4,12515,4068.6,0.49,4,109.5959577
32,4,1,20170615.110324.51..sel.256.256wav.ctr,Coastal,5201.7,4738.2,4120.2,14163.1,10042.9,0.767,9,122.9026454
32,5,1,20170616.042056.08..sel.317.317wav.ctr,Coastal,6643.8,14111.6,1411.6,6643.8,5232.2,0.549,6,122.9520184
32,6,1,20170616.190518.40..sel.344.344wav.ctr,Coastal,5716.7,11639.5,5665.2,13905.6,8240.4,0.437,6,123.3259337
33,1,1,20170615.123819.73..sel.266.266wav.ctr',Coastal,15656.7,6746.8,6746.8,19364.8,12618,1.042,3,123.1708615
33,2,1,sel.110.T1C.2017.07.ctr',Coastal,10351.9,5356.2,5356.2,18798.3,13442.1,1.004,3,123.1945412
34,1,1,20170615.104509.55..sel.253.253wav.ctr',Coastal,11073,12103,8343.3,13648.1,5304.8,0.897,5,122.9452476
34,2,1,sel.224.T1C.2017.07.ctr',Coastal,7931.3,16686.7,7931.3,16686.7,8755.4,0.752,4,123.023736
35,1,1,20170615.204836.78..sel.295.295wav.ctr,Coastal,10918.5,3965.7,3965.7,12000,8034.3,1.028,5,125.1611494
35,2,1,20170618.160352.04..sel.440.440wav.ctr,Coastal,17407.7,5407.7,5407.7,17407.7,12000,0.844,4,123.1503379
36,1,1,20170615.205447.77..sel.301.301wav.ctr',Coastal,6695.3,6128.8,6128.8,12154.5,6025.7,0.348,3,125.1611494
36,2,1,T1C.05.ch01.180928.174914.90..ctr',Coastal,8703.9,9167.4,8703.9,11742.5,3038.6,0.578,3,131.1215617
36,3,2,A5C.01.ch01.181101.203344.46..ctr',Coastal,8549.4,7107.3,7107.3,12463.5,5356.2,0.487,3,113.417943
36,4,2,A5C.03.ch01.181127.181627.96..ctr',Coastal,8858.4,8188.8,8188.8,12000,3811.2,1.112,3,109.4817248
37,1,1,20170616.120546.75..sel.333.333wav.ctr,Coastal,4429.2,4120.2,4120.2,12721,8600.8,0.823,3,122.9950056
37,2,1,20170618.114240.36..sel.424.424wav.ctr,Coastal,7416.3,3862.7,3862.7,14420.6,10557.9,0.445,3,123.1226809
38,1,1,20170618.063021.13..sel.403.403wav.ctr,Coastal,7776.8,6695.3,6695.3,9682.4,2987.1,0.936,5,122.9573791
38,2,1,20170618.113736.02..sel.421.421wav.ctr,Coastal,8240.3,5562.2,4841.2,9630.9,4789.7,0.987,5,123.1226809
39,1,1,20170618.053415.74..sel.389.389wav.ctr',Coastal,7519.3,4635.2,4429.2,7879.8,3450.6,0.802,6,122.9738419
39,2,1,T1C.10.ch01.180727.051110.50..ctr',Coastal,8497.9,3296.1,3296.1,8497.9,5201.8,0.674,2,130.7469665
40,1,1,20170618.115736.70..sel.431.431wav.ctr',Coastal,6798.3,5819.7,4480.7,15605.2,11124.5,0.547,7,123.0280081
40,2,1,T1C.04.ch01.180721.080122.83..ctr',Coastal,5304.7,4377.7,4377.7,12875.5,8497.8,0.488,3,130.7679652
41,1,2,20170629_001435.ctr',Coastal,9012,1235.5,7614.5,14554.2,6939.7,0.858,7,114.6154507
41,2,1,sel.13.T1C.2017.07.ctr',Coastal,7759,13686.7,7277.1,13686.7,6409.6,1.161,6,123.3049765
42,1,1,sel.41.T1C.2017.07.ctr,Coastal,8085.8,8961.4,6695.3,8085.8,1390.5,0.199,5,123.5478531
42,2,1,T1C.04.ch01.180921.093044.31..ctr',Coastal,7055.8,7828.3,7055.8,9733.9,2678.1,0.235,3,130.8394079
43,1,1,sel.88.T1C.2017.07.ctr',Coastal,6334.8,4326.2,4326.2,10351.9,6025.7,0.923,7,122.9271496
43,2,1,sel.280.T1C.2017.07.ctr',Coastal,7776.8,4583.7,4583.7,11588,7004.3,0.785,7,123.0693639
44,1,2,20170702_210806.ctr',Coastal,14987.1,7622.3,7158.8,14987.1,7828.3,1.039,6,115.760437
44,2,1,T1C.01.ch01.180808.120647.03..ctr',Coastal,11691,7673.8,7004.3,12412,5407.7,1.312,7,130.7998949
46,1,1,sel.117.T1C.2017.07.ctr',Coastal,7879.8,7055.8,6540.8,15708.2,9167.4,0.81,8,122.9838563
46,2,1,T1C.03.ch01.180907.151529.41..ctr',Coastal,7931.3,7416.3,6901.3,17768.2,10866.9,0.907,6,130.762505
47,1,1,sel.24.T1C.2017.07.ctr',Coastal,9281.9,16532.2,6695.3,16532.2,9836.9,0.742,3,123.105713
47,2,2,A5C.01.ch01.181012.023356.49..ctr',Coastal,6849.8,17510.7,6849.8,17510.7,10660.9,0.844,2,118.7768014
48,1,1,sel.214.T1C.2017.07.ctr',Coastal,12721,8085.8,6695.3,12721,6025.7,0.682,3,123.0207934
48,2,1,sel.458.T1C.2017.07.ctr',Coastal,11227.5,4892.7,4892.7,11227.5,6334.8,0.686,4,122.9917476
48,3,2,A5C.06.ch01.181119.000349.00..ctr',Coastal,10660.9,8394.8,7055.8,11073,4017.2,1.208,4,109.1773693
49,1,1,sel.226.T1C.2017.07.ctr',Coastal,9218.9,6540.8,4995.7,9218.9,4223.2,0.803,4,122.9914701
49,2,1,sel.258.T1C.2017.07.ctr',Coastal,8703.9,5665.2,5047.2,7931.3,2884.1,0.712,7,122.9729854
50,1,1,sel.240.T1C.2017.07.ctr',Coastal,14054.9,10609.4,6540.8,11588,5047.2,0.422,12,123.0118496
50,2,1,T1C.18.ch01.180727.062319.56..ctr',Coastal,10197.4,7673.8,6540.8,12618,6077.2,0.912,7,130.7350609
51,1,1,sel.265.T1C.2017.07.ctr',Coastal,7055.8,3914.2,3914.2,9991.4,6077.2,0.544,6,123.0008687
51,2,2,A5C.03.ch01.180730.021848.45..ctr',Coastal,10042.9,5047.2,5047.2,10042.9,4995.7,0.395,4,118.7578974
52,1,1,sel.307.T1C.2017.07.ctr,Coastal,4841.2,4480.7,4326.2,6592.3,2266.1,0.92,4,122.945571
52,2,1,T1C.13.ch01.180725.061916.32..ctr',Coastal,5819.7,4326.2,4326.2,6077.3,1751.1,0.772,4,130.7809183
53,1,1,sel.351.T1C.2017.07.ctr',Coastal,7364.8,11176,7364.8,11176,3811.2,0.39,5,122.9811626
53,2,2,A5C.02.ch01.180727.063400,Coastal,8755.4,10660.9,6952.8,10660.9,3708.1,0.841,3,118.7572596
53,3,1,T1C.02.ch01.180923.081801.51..ctr',Coastal,7467.8,11639.5,6798.3,11639.5,4841.2,0.466,3,130.8658133
53,4,2,A5C.01.ch01.181130.220411.29..ctr',Coastal,8085.8,11948.5,6643.8,11948.5,5304.7,0.896,3,109.3719593
54,1,1,sel.481.T1C.2017.07,Coastal,6643.8,5665.2,5253.2,11279,6025.8,1.16,5,123.1616927
54,2,1,T1C.20.ch01.180726.062125.43..ctr',Coastal,4635.2,6128.8,4068.7,10145.9,6077.2,0.903,5,130.7993789
55,1,2,20170730_231150.ctr,Coastal,8909.9,5098.7,5098.7,14987.1,9888.4,1.14,5,116.4570899
55,2,2,20170816_171553.ctr,Coastal,6334.8,6746.8,6334.8,13802.6,7467.8,0.772,5,114.0946593
56,1,2,20170730_231346.ctr,Coastal,10645.2,8129,6322.6,11677.4,5354.8,1.021,7,116.4570899
56,2,3,rr.29.ch01.180625.155832,Bay,7824.2,6520.2,3793.5,11439.9,7646.4,0.981,7,131.1894396
57,1,2,20170730_231405.ctr',Coastal,9161.3,6000,5096.8,12709.7,7612.9,1.001,6,116.4570899
57,2,1,T1C.01.ch01.180806.160154.79..ctr',Coastal,9741.9,5741.9,5354.8,13548.4,8193.6,0.841,6,131.1361779
58,1,1,sel.74_T1C_201708.ctr',Coastal,10709.7,9225.8,7161.3,12516.1,5354.8,0.632,5,123.0437078
58,2,2,A5C.02.ch01.180925.190307.40..ctr',Coastal,11419.4,14258.1,6645.2,14258.1,7612.9,0.494,4,118.8066504
59,1,1,sel.10_T1C_201708.ctr',Coastal,7612.9,13419.4,5806.5,13483.9,7677.4,0.968,5,122.9355681
59,2,2,A5C.01.ch01.181130.164538.35..ctr',Coastal,12838.7,13161.3,6000,13161.3,7161.3,0.511,5,109.284714
60,1,1,sel.84_T1C_201708.ctr',Coastal,9806.5,6838.7,6838.7,9806.5,2967.8,0.548,4,122.9314501
60,2,2,A5C.02.ch01.180725.221748.07..ctr',Coastal,12580.6,7225.8,7225.8,12580.6,5354.8,0.368,2,118.8348802
60,3,4,Pot.01.190613.190644.13.ctr',Bay,8967.7,7032.3,7032.2,8967.7,1935.5,0.399,4,103.0505194
61,1,1,sel.26_T1C_201708.ctr',Coastal,8129,8322.6,6387.1,15677.4,9290.3,0.406,4,122.9727618
61,2,1,T1C.19.ch01.180727.062339.59..wav,Coastal,7483.9,8000,6709.7,17096.8,10387.1,0.659,4,130.7350609
62,1,3,rr.01.ch01.180623.021504.19..ctr,Bay,15292.7,9602.4,8831.9,16952.4,8120.5,0.629,4,128.5597404
62,2,3,rr.03.ch01.180625.152140.16..ctr,Bay,8476.2,5749.6,5749.6,17071,11321.4,0.515,3,129.2303319
63,1,3,rr.29.025623.ctr,Bay,8120.6,3319.4,3319.4,9306,5986.6,0.746,5,102.5623203
63,2,3,rr.42.021142.ctr,Bay,11973.4,10432.3,6875.8,11973.4,5097.6,0.326,3,113.5461162
64,1,1,T1C.02.ch01.180712.174956.05.(2).ctr',Coastal,9225.8,11419.4,6193.5,12967.7,6774.2,1.142,5,130.7366237
64,2,1,T1C.03.ch01.180821.063042.02..ctr',Coastal,9483.9,12258.1,6387.1,12258.1,5871,0.928,6,130.7654242
65,1,1,T1C.01.ch01.180716.180009.36..ctr',Coastal,8771,4064.5,4064.5,8771,4706.5,0.669,2,130.7309516
65,2,2,A5C.02.ch01.180814.200401.49..ctr',Coastal,7419.4,4645.2,4645.2,7419.4,2774.2,0.744,2,118.8775369
65,3,1,T1C.01.ch01.180921.183117.83..ctr',Coastal,10000,4451.6,4451.6,10000,5548.4,0.847,2,133.5175478
66,1,1,T1C.11.ch01.180725.061542.92..ctr',Coastal,7677.4,5096.8,4516.1,12709.7,8193.6,1.109,9,130.7809183
66,2,1,T1C.04.ch01.180819.020237.85..ctr',Coastal,9290.3,4967.7,4774.2,13161.3,8387.1,1.267,9,130.7738268
67,1,1,T1C.06.ch01.180731.100512.51..ctr',Coastal,5612.9,4645.2,3612.9,10838.7,7225.8,1.256,6,130.7739742
67,2,1,T1C.06.ch01.180807.133652.35..ctr',Coastal,6580.6,4580.6,4193.5,11483.9,7290.4,1.499,6,130.8807819
68,1,1,T1C.10.ch01.180809.231906.49..ctr,Coastal,9419.4,3354.8,3354.8,13806.5,10451.7,1.216,7,130.7826106
68,2,1,T1C.13.ch01.180823.223010.20..ctr,Coastal,5548.4,8000,4451.6,11935.5,7483.9,0.796,7,131.8250086
69,1,1,T1C.14.ch01.180810.074844.08..ctr',Coastal,4838.7,12322.6,4838.7,12322.6,7483.9,0.661,2,130.7948532
69,2,1,T1C.01.ch01.180907.150220.77..ctr',Coastal,4580.6,12000,4580.6,12000,7419.4,0.723,2,130.7652421
70,1,1,T1C.08.ch01.180812.181012.45..ctr,Coastal,11419.4,5096.8,5096.8,11419.4,6322.6,0.634,2,130.7494674
70,2,1,T1C.07.ch01.180822.111420.08..ctr,Coastal,10193.5,4709.7,4709.7,10193.5,5483.8,0.935,2,130.7883697
71,1,1,T1C.15.ch01.180818.123633.99..ctr',Coastal,7806.5,10903.2,6258.1,10903.2,4645.1,0.992,5,130.7487858
71,2,1,T1C.04.ch01.181008.074700.45..ctr',Coastal,6258.1,11419.4,6258.1,13354.8,7096.7,0.729,4,130.7450865
72,1,1,T1C.02.ch01.180831.000157.53..ctr',Coastal,6838.7,4387.1,4129,12580.6,8451.6,0.855,6,131.292784
72,2,1,T1C.09.ch01.181003.083835.37..ctr',Coastal,11548.4,4645.2,3935.5,12258.1,8322.6,0.776,5,131.2295005
73,1,1,T1C.01.ch01.180903.210042.24..ctr',Coastal,5167,14824.9,5167,14824.9,9657.9,0.769,2,133.9738356
73,2,1,T1C.01.ch01.181009.110609.51..ctr',Coastal,4973.8,12893.4,4973.8,12893.4,7919.6,0.759,2,130.7035639
74,1,1,T1C.02.ch01.180904.233004.26..ctr',Coastal,9464.8,15452.7,6905.4,15452.7,8547.3,0.239,3,131.4724235
74,2,1,T1C.04.ch01.180907.151531.49..ctr',Coastal,10382.3,14004,7533.2,14004,6470.8,0.305,3,130.762505
75,1,1,T1C.01.ch01.180920.084520.63..ctr,Coastal,14148.9,5311.9,5311.9,14148.9,8837,0.683,2,130.7210559
75,2,1,T1C.02.ch01.180923.130017.11..ctr,Coastal,15307.8,4780.7,4780.7,15307.8,10527.1,0.756,2,130.7521126
76,1,1,T1C.09.ch01.180921.093259.85..ctr,Coastal,11831,10378.9,4829,11831,7002,0.263,3,130.8394079
76,2,1,T1C.01.ch01.180922.124730.41..ctr,Coastal,13231.4,10720.3,7678.1,13231.4,5553.3,0.232,3,130.7646067
77,1,1,T1C.05.ch01.180923.083142.23..ctr,Coastal,6084.5,12845.1,6084.5,12845.1,6760.6,0.951,2,130.7481272
77,2,1,T1C.02.ch01.180929.004726.31..ctr,Coastal,4829,12555.3,4839,12700.2,7861.2,1.129,3,130.8212345
78,1,4,Pot.01.190619.152512.56.ctr,Bay,9223.3,18398.4,7822.9,18688.1,10865.2,0.583,6,98.11370866
78,2,4,Pot.03.190630.174639.23.ctr,Bay,9416.5,20957.7,7388.3,20957.7,13569.4,0.384,5,104.6108132
79,1,4,Pot.01.190807.075549.72.ctr,Bay,13086.5,3670,3670,13086.5,9416.5,0.804,2,113.3316072
79,2,4,Pot02.190814.015629.23.ctr,Bay,12458.8,4201.2,4201.2,12458.8,8257.6,0.842,2,121.8636461
80,1,4,Pot.01.190805.021618.94.ctr,Bay,7146.9,16901.4,7146.9,16901.4,9754.5,0.365,2,114.9699001
80,2,4,Pot.02.190807.004531.34.ctr,Bay,6470.8,19895.4,6470.8,19895.4,13424.6,0.383,2,113.9206381
81,1,4,Pot.01.190602.084504.24.ctr,Bay,4346.1,4442.7,4346.1,4442.7,96.6,1.052,2,101.3824906
81,2,4,Pot.02.190803.150541.02.ctr,Bay,5553.3,5456.7,5022.1,5553.3,531.2,0.607,3,113.3555336
81,3,4,Pot.02.190916.054016.76.ctr,Bay,4658.5,4614.1,2614.1,4791.5,2177.4,0.623,3,107.9263061
82,1,4,Pot.04.190703.233523.56.ctr,Bay,10672,10382.3,7146.9,10672,3525.1,0.294,3,104.4917497
82,2,4,Pot.01.190911.045103.74.ctr,Bay,8074.6,8695.8,4658.5,8695.8,4037.3,0.367,3,104.9532176
83,1,4,Pot.01.190618.131651.12.ctr,Bay,9416.5,4056.3,4056.3,11106.6,7050.3,1.126,5,101.8391749
83,2,4,Pot.03.190808.085604.71.ctr,Bay,5843.1,4297.8,4201.2,12217.3,8016.1,1,5,114.3481652
84,1,4,Pot.03.190602.084523.36.ctr,Bay,12313.9,13714.3,7967.8,13714.3,5746.5,0.544,3,101.3824906
84,2,4,Pot.02.190916.061137.46.ctr,Bay,12954.9,12422.5,7409.2,12954.9,5545.7,0.506,3,109.9740479
85,1,4,Pot.01.190704.034603.09.ctr,Bay,13810.9,15645.9,8209.3,15742.5,7533.2,0.285,4,104.0274335
85,2,4,Pot.03.190911.034105.43.ctr,Bay,10204.2,16459.9,8784.5,16459.9,7675.4,0.328,3,106.2372172
86,1,4,Pot.01.190629.072643.31.ctr,Bay,12362.2,13714.3,7050.3,13714.3,6664,0.892,3,99.64055368
86,2,4,Pot.02.190810.040623.90.ctr,Bay,11589.5,11010.1,6857.1,11589.5,4732.4,0.601,3,118.7144458
87,1,1,20170614.171809.05..sel.220.220wav.ctr',Coastal,10430.6,6036.2,6036.2,10430.6,4394.4,0.366,2,122.9509433
87,2,4,Pot.02.190611.170505.73.ctr',Bay,12265.6,5215.3,5215.3,12265.6,7050.3,0.555,2,116.5956607
88,1,1,sel.426.T1C.2017.07.ctr',Coastal,7967.8,12893.4,7967.8,12893.4,4925.6,0.802,4,122.9653317
88,2,4,Pot.02.190628.153609.11.ctr',Bay,7822.9,9996,7629.8,9996,2366.2,0.728,5,98.47318503
89,1,1,sel.330.T1C.2017.07.ctr',Coastal,12410.5,5891.3,4587.5,12410.5,7823,1.062,3,115.7136462
89,2,4,Pot.01.190814.082535.58.ctr',Bay,13666,5649.9,4877.3,14148.9,9271.6,0.79,4,122.0495274
90,1,1,T1C.05.ch01.180923.131744.70..ctr',Coastal,7533.2,17046.3,7533.2,17046.3,9513.1,0.456,2,130.7448447
90,2,4,Pot.02.190806.055537.12.ctr',Bay,9899.4,15839,7291.8,15839,8547.2,0.491,5,113.4688933
91,1,1,T1C.09.ch01.180822.140305.98..ctr',Coastal,9416.5,4829,4587.5,11782.7,7195.2,1.03,4,131.452797
91,2,4,Pot.03.190911.042102.62.ctr',Bay,10647.9,7009.9,4835.9,11845.8,7009.9,0.926,6,106.3187873
92,1,1,T1C.01.ch01.180823.220051.85..ctr',Coastal,7629.8,4056.3,4056.3,9318.9,5262.6,0.0191,3,132.8718799
92,2,4,Pot.01.190626.132556.98.ctr',Bay,7774.6,3718.3,3718.3,7774.6,4056.3,0.798,2,103.8225204
93,1,1,T1C.08.ch01.180727.050810.20..ctr',Coastal,8016.1,12072.4,7726.4,12169,4442.6,0.99,7,130.7536193
93,2,4,Pot.03.190613.193627.36.ctr',Bay,7002,12893.4,6808.9,12893.4,6084.5,0.84,5,101.9098062
94,1,1,T1C.03.ch01.180928.173053.95..ctr',Coastal,8933.6,12507,6808.9,12507,5698.1,0.493,3,130.9914609
94,2,4,Pot.03.190911.034105.43.ctr',Bay,10559.2,16548.6,8873.2,16548.6,7675.4,0.335,3,106.2372172
95,1,1,T1C.01.ch01.180922.091524.46..ctr',Coastal,8885.3,18108.7,8885.3,18108.7,9223.4,0.541,2,130.7130002
95,2,4,Pot.03.190703.233511.65.ctr',Bay,10285.7,15887.3,10285.7,15887.3,5601.6,0.535,2,104.4917497
96,1,1,20170816_171531.ctr',Coastal,6712.3,6905.4,6712.3,14293.8,7581.5,0.797,5,123.6911184
96,2,4,Pot.01.190916.064105.03.ctr',Bay,7231.7,7631,7009.9,14241.5,7231.6,1.24,7,107.2506648
97,1,3,rr.29.ch01.180625.155832.99..ctr',Bay,7719.7,5945.1,3859.9,11446.5,7586.6,0.983,7,131.1894396
97,2,4,Pot.01.190803.162513.83.ctr',Bay,9416.5,10575.5,4490.9,11493,7002.1,1.185,7,113.2169959
98,1,3,rr.19.ch01.180625.155459.54..ctr',Bay,7497.9,5900.7,4481,15616.9,11135.9,1.073,4,131.1894396
98,2,4,Pot.02.190807.080555.41.ctr',Bay,6422.5,5311.9,4152.9,16273.6,12120.7,1.067,6,113.2860288
99,1,2,A5C.02.ch01.180730.021741.57..ctr',Coastal,7484.9,4684.1,4684.1,7484.9,2800.8,0.66,2,118.7578974
99,2,4,Pot.01.190807.021550.41.ctr',Bay,5456.7,4490.9,4346.1,5456.7,1110.6,0.481,4,114.2297936
100,1,3,rr.21.180709.052612.ctr',Bay,9361.3,5812,5812,11623.9,5811.9,0.936,5,99.49282913
100,2,4,Pot.06.190807.075624.99.ctr',Bay,7871.2,4829,4829,11589.5,6760.5,0.764,5,113.3316072
101,1,1,20170614.152254.84..sel163,Coastal,7836.7,10845.5,6927.1,10845.5,3918.4,0.2693,3,122.9420901
101,2,5,T3C.02.180702.191001.19.ctr,Offshore,6814.3,10671.4,6428.6,10992.9,4564.3,0.4259,4,126.9974
102,1,5,T3C.01.180702.091023.67,Offshore,14035.8,7128.6,7128.6,14035.8,6907.2,0.661,2,127.0309529
102,2,2,A5C.02.ch01.181202.093128.32..ctr,Coastal,14544,7008,6816,15216,8400,1.0659,4,109.3573513
103,1,5,T3C.01.180711.131003.98,Offshore,16471.1,8501.2,8501.2,16471.1,7969.9,0.583,2,127.0941406
103,2,5,T3C.01.180813.225048.86,Offshore,19260.5,7305.7,7305.7,19260.5,11954.8,0.799,2,126.6703152