New whistle match cat,First sighting site,First sighting date,First sighting contour name,Second sighting site,Second sighting date,Second sighting contour name,Third sighting site,Third sighting date,Third sighting contour,Fourth sighting site,Fourth sighting date,Fourth sighting contour,Fifth sighting site,Fifth sighting date,Fifth sighting contour,Sixth sighting site,Sixth sighting date,SIxth sighting contour,Seventh sighting site,Seventh sighting date,Seventh sighting contour
1,A5C,1/16/16,20170116_000843.ctr,A5C,1/30/17,20170130_030127.ctr,,,,,,,,,,,,,,,
2,A5C,7/29/16,20160729_231703.601.ctr-- is this 2016?!,A5C,8/8/16,20160808_010610.514.ctr- is this 2016?!,,,,,,,,,,,,,,,
3,A5C,7/30/16,20160730_010910.094.ctr,A5C,8/14/16,'20160814_211144.492.ctr',,,,,,,,,,,,,,,
4,A5C,8/2/16,20160802_030607.780.ctr,A5C,8/10/16,20160810_221946.963.ctr,,,,,,,,,,,,,,,
5,A5C,8/16/16,20170816_171531.ctr',Pot,9/16/19,Pot.01.190916.064105.03.ctr',,,,,,,,,,,,,,,
6,A5C,8/18/16,20160818_230411.163.ctr,A5C,8/19/16,20160819_000910.428.ctr,,,,,,,,,,,,,,,
7,A5C,1/12/17,20170112_231728.ctr,A5C,2/1/17,20170201_030809.ctr,A5C,4/2/17,20170402_041211.ctr,,,,,,,,,,,,
8,A5C,1/15/17,20170115_231921.ctr,A5C,1/18/17,20170118_081319.ctr,,,,,,,,,,,,,,,
9,A5C,1/16/17,20170116_030612.ctr,A5C,2/20/17,20170220_210319.ctr,,,,,,,,,,,,,,,
10,A5C,1/19/17,20170119_221027.ctr,A5C,2/1/17,20170201_030921.ctr,,,,,,,,,,,,,,,
11,A5C,1/20/17,20170120_051732.ctr,A5C,12/2/18,'A5C.02.ch01.181202.090115.37..ctr',,,,,,,,,,,,,,,
12,A5C,1/21/17,20170121_030619.ctr,A5C,1/25/17,20170125_201042.ctr,,,,,,,,,,,,,,,
13,A5C,1/21/17,20170121_050359.ctr,A5C,2/27/17,20170227_031237.ctr,A5C,3/8/17,20170308_071621.ctr,,,,,,,,,,,,
14,A5C,1/25/17,20170125_201236.ctr',T1C,6/13/17,20170613.154147.93..sel.74.74wav.ctr',,,,,,,,,,,,,,,
15,A5C,1/25/17,20170125_201636.ctr,A5C,8/9/17,20170809_191947.ctr,,,,,,,,,,,,,,,
16,A5C,1/29/17,20170129_210743.ctr,A5C,2/27/17,20170227_001615.ctr,,,,,,,,,,,,,,,
17,A5C,1/30/17,20170130_030141.ctr,A5C,2/26/17,20170226_221616.ctr,,,,,,,,,,,,,,,
18,A5C,1/30/17,20170130_030244.ctr,A5C,4/2/17,20170402_041218.ctr,,,,,,,,,,,,,,,
19,A5C,1/31/17,20170131_211849.ctr',A5C,8/18/18,A5C.01.ch01.180818.074530.89..ctr',,,,,,,,,,,,,,,
20,A5C,2/5/17,20170205_180402.ctr,A5C,2/6/17,20170206_170211.ctr,,,,,,,,,,,,,,,
21,A5C,2/13/17,20170213_011433.ctr,T1C,9/29/18,'T1C.03.ch01.180929.194715.05..ctr',,,,,,,,,,,,,,,
22,A5C,2/28/17,20170228_001055.ctr,T1C,7/21/18,'T1C.06.ch01.180721.080402.24..ctr',,,,,,,,,,,,,,,
23,A5C,3/11/17,20170311_090639,A5C,12/2/18,'A5C.02.ch01.181202.203011.66..ctr',,,,,,,,,,,,,,,
24,T1C,6/13/17,20170613.133806.29..sel.30.30wav.ctr,T1C,6/14/17,'20170613.231025.64..sel.93.93wav.ctr',T1C,6/15/17,20170614.063608.88..sel.134.134wav.ctr',T1C,6/16/17,20170614.160137.41..sel.193.193wav.ctr,T1C,9/5/18,'T1C.03.ch01.180905.000125.62..ctr',T1C,9/8/18,'T1C.01.ch01.180908.153222.16..ctr',T1C,9/22/18,'T1C.01.ch01.180922.090012.45..ctr'
25,T1C,6/13/17,20170613.135258.67..sel.39.39wav.ctr,T1C,6/14/17,20170613.232045.82..sel.115.115wav.ctr,T1C,6/24/17,20170617.065037.09..sel.357.357wav.ctr,T1C,6/28/17,20170618.113918.47..sel.423.423wav.ctr,,,,,,,,,
26,T1C,6/13/17,20170613.150752.78..sel.58.58wav.ctr',T1C,6/15/17,'20170614.062729.10..sel.131.131wav.ctr',,,,,,,,,,,,,,,
27,T1C,6/13/17,20170613.132500.29..sel.14.14wav.ctr,T1C,6/18/17,20170615.022634.32..sel.234.234wav.ctr',,,,,,,,,,,,,,,
28,T1C,6/13/17,20170613.132526.26..sel.16.16wav.ctr,T1C,6/24/17,20170617.070350.45..sel.360.360wav.ctr,T1C,6/27/17,20170618.083611.88..sel.418.418wav.ctr,,,,,,,,,,,,
29,T1C,6/13/17,20170613.150439.27..sel.57.57wav.ctr',T1C,7/17/17,sel.331.T1C.2017.07.ctr',T1C,7/23/17,sel.462.T1C.2017.07.ctr',Pot,8/14/19,Pot02.190814.011604.59.ctr',T1C,9/23/18,T1C.12.ch01.180923.131912.12..ctr',,,,,,
30,T1C,6/13/17,20170613.153723.73..sel.69.69wav.ctr,T1C,9/23/18,'T1C.09.ch01.180923.130416.89..ctr',,,,,,,,,,,,,,,
31,T1C,6/13/17,20170613.135550.29..sel.41.41wav.ctr',Pot,8/4/19,Pot.01.190804.030542.56.ctr',,,,,,,,,,,,,,,
32,T1C,6/14/17,20170613.231609.03..sel.108.108wav.ctr,T1C,6/16/17,20170614.155447.55..sel.184.184wav.ctr,,,,,,,,,,,,,,,
33,T1C,6/14/17,20170613.164952.84..sel.88.88wav.ctr,T1C,6/16/17,20170614.160850.53..sel.196.196wav.ctr,,,,,,,,,,,,,,,
34,T1C,6/14/17,20170613.232242.03..sel.119.119wav.ctr,T1C,6/18/17,20170615.034011.11..sel.239.239wav.ctr,T1C,6/20/17,20170615.194719.87..sel.283.283wav.ctr,T1C,6/23/17,20170616.190432..sel.343.343wav.ctr,T1C,8/11/18,'T1C.07.ch01.180811.193659.27..ctr',,,,,,
35,T1C,6/14/17,20170613.164704.22..sel.84.84wav.ctr,T1C,6/22/17,20170616.115809.40..sel.331.331wav.ctr,,,,,,,,,,,,,,,
36,T1C,6/14/17,20170613.231118.65..sel.96.96wav.ctr',T1C,8/1/17,sel.02_T1C_201708.ctr',,,,,,,,,,,,,,,
37,T1C,6/14/17,20170613.164658.07..sel.83.83wav.ctr',Rhode River,6/25/18,rr.23.ch01.180625.155513.ctr,,,,,,,,,,,,,,,
38,T1C,6/14/17,20170613.230549.83..sel.92.92wav.ctr',T1C,8/7/18,T1C.04.ch01.180807.131200.51.(2).ctr',,,,,,,,,,,,,,,
39,T1C,6/14/17,20170613.231728.70..sel.110.110wav.ctr',A5C,9/20/18,A5C.01.ch01.180920.194652.73..ctr',,,,,,,,,,,,,,,
40,T1C,6/14/17,20170613.231314.12..sel.102.102wav.ctr',A5C,12/2/18,A5C.01.ch01.181202.090039.22..ctr',,,,,,,,,,,,,,,
41,T1C,6/15/17,20170614.063101.02..sel.133.133wav.ctr',T1C,8/1/17,sel.03_T1C_201708.ctr',,,,,,,,,,,,,,,
42,T1C,6/15/17,20170614.063627.86..sel.139.139wav.ctr,T1C,9/6/18,'T1C.01.ch01.180906.013223.69..ctr',,,,,,,,,,,,,,,
43,T1C,6/16/17,20170614.161920.10..sel.198.198wav.ctr',A5C,6/17/17,20170617_211513.ctr',T1C,6/23/17,20170616.185250.47..sel.339wav.ctr,,,,,,,,,,,,
44,T1C,6/16/17,20170614.163551.56..sel.212.212wav.ctr,T1C,6/18/17,20170615.011242.79..sel.231.231wav.ctr,,,,,,,,,,,,,,,
45,T1C,6/16/17,20170614.112512.47..sel.144.144wav.ctr,T1C,6/27/17,20170618.053837.22..sel.390.390wav.ctr,T1C,6/28/17,20170618.115621.21..sel429.429wav.ctr,T1C,9/11/18,'T1C.01.ch01.180911.101602.14..ctr',,,,,,,,,
46,T1C,6/16/17,20170614.163836.14..sel.217.217wav.ctr',T1C,7/17/17,sel.306.T1C.2017.07.ctr',T1C,8/6/17,sel.129_T1C_201708.ctr',A5C,11/19/18,A5C.03.ch01.181119.000116.48..ctr',Pot,8/14/19,Pot02.190814.015629.23.ctr',,,,,,
47,T1C,6/16/17,20170614.151456.53..sel.157.157wav.ctr',Pot,6/9/19,Pot.02.190619.155518.10.ctr',,,,,,,,,,,,,,,
48,T1C ,6/16/17,20170614.152254.84..sel.163.163wav.ctr,T3C,7/26/18,T3C.02.180702.191001.19.ctr,,,,,,,,,,,,,,,
49,T1C,6/17/17,20170614.171809.05..sel.220.220wav.ctr',Pot,6/11/19,Pot.02.190611.170505.73.ctr',,,,,,,,,,,,,,,
50,T1C,6/18/17,20170615.005034.97..sel.229.229wav.ctr,T1C,6/20/17,20170615.204158.19..sel.290.290wav.ctr,,,,,,,,,,,,,,,
51,T1C,6/18/17,20170615.024421.36..sel.236.236wav.ctr,T1C,6/27/17,'20170618.074958.79..sel.411.411wav.ctr',,,,,,,,,,,,,,,
52,T1C,6/18/17,20170615.051744.39..sel.244.244wav.ctr',T1C,7/16/17,sel.287.T1C.2017.07.ctr',T1C,7/23/17,sel.466.T1C.2017.07.ctr',,,,,,,,,,,,
53,T1C,6/18/17,20170615.025327.15..sel.238.238wav.ctr,T1C,8/14/18,'T1C.06.ch01.180814.094103.52..ctr',A5C,12/5/18,A5C.01.ch01.181205.101504.28..ctr',,,,,,,,,,,,
54,T1C,6/19/17,20170615.110324.51..sel.256.256wav.ctr,T1C,6/21/17,20170616.042056.08..sel.317.317wav.ctr,T1C,6/23/17,20170616.190518.40..sel.344.344wav.ctr,,,,,,,,,,,,
55,T1C,6/19/17,20170615.161900.07..sel.278wav.wav,T1C,6/21/17,20170616.041245.64..sel.316wav.wav,,,,,,,,,,,,,,,
56,T1C,6/19/17,20170615.123819.73..sel.266.266wav.ctr,T1C,7/5/17,'sel.110.T1C.2017.07.ctr',,,,,,,,,,,,,,,
57,T1C,6/19/17,20170615.104509.55..sel.253.253wav.ctr',T1C,7/12/17,sel.224.T1C.2017.07.ctr',,,,,,,,,,,,,,,
58,T1C,6/19/17,20170615.123159.00..sel.264.264wav.ctr,T1C,8/12/17,'sel.144_T1C_201708.ctr',T1C,7/15/18,'T1C.08.ch01.180715.231743.66..ctr',,,,,,,,,,,,
59,T1C,6/20/17,20170615.221725.14..sel.308.308wav.ctr,T1C,6/21/17,20170616.044133.58..sel.322.322wav.ctr,,,,,,,,,,,,,,,
60,T1C,6/20/17,20170615.205443.23..sel.300.300wav.ctr,T1C,6/26/17,20170617.224326.01..sel.368.368wav.ctr,,,,,,,,,,,,,,,
61,T1C,6/20/17,20170615.204836.78..sel.295.295wav.ctr,T1C,6/28/17,20170618.160352.04..sel.440.440wav.ctr,,,,,,,,,,,,,,,
62,T1C,6/20/17,20170615.185105.18..sel.279.279wav.ctr',T1C,7/18/17,sel.364.T1C.2017.07.ctr',T1C,8/1/17,sel.08_T1C_201708.ctr',,,,,,,,,,,,
63,T1C,6/20/17,20170615.204814.80..sel.294.294wav.ctr,T1C,9/23/18,T1C.11.ch01.180923.083240.60..ctr',A5C,10/10/18,A5C.01.ch01.181010.234823.11..ctr',,,,,,,,,,,,
64,T1C,6/20/17,20170615.205447.77..sel.301.301wav.ctr',T1C,9/28/18,T1C.05.ch01.180928.174914.90..ctr',A5C,11/1/18,A5C.01.ch01.181101.203344.46..ctr',A5C,11/27/18,A5C.03.ch01.181127.181627.96..ctr',,,,,,,,,
65,T1C,6/22/17,20170616.120546.75..sel.333.333wav.ctr,T1C,6/28/17,20170618.114240.36..sel.424.424wav.ctr,,,,,,,,,,,,,,,
66,A5C,6/22/17,20170622_221811.ctr',T1C,6/24/17,20170617.080955.69..sel.361.361wav.ctr',,,,,,,,,,,,,,,
67,T1C,6/24/17,20170617.061111.26..sel.353.353wav.ctr',T1C,6/28/17,20170618.120005.98..sel.432.432wav.ctr',T1C,7/5/17,sel.10_T1C_201707.ctr,,,,,,,,,,,,
68,T1C,6/24/17,20170617.070035.52..sel.358.358wav.ctr,T1C,6/28/17,20170618.123214.56..sel.437.437wav.ctr,,,,,,,,,,,,,,,
69,T1C,6/24/17,20170617.034209.52..sel.352.352wav.ctr',T1C,7/13/17,sel.249.T1C.2017.07.ctr',A5C,11/19/18,A5C.04.ch01.181119.000133.58..ctr',,,,,,,,,,,,
70,T1C,6/27/17,20170618.063021.13..sel.403.403wav.ctr,T1C,6/28/17,20170618.113736.02..sel.421.421wav.ctr,,,,,,,,,,,,,,,
71,T1C,6/27/17,20170618.053415.74..sel.389.389wav.ctr,T1C,7/27/18,'T1C.10.ch01.180727.051110.50..ctr',,,,,,,,,,,,,,,
72,T1C,6/28/17,20170618.115736.70..sel.431.431wav.ctr,T1C,7/21/18,'T1C.04.ch01.180721.080122.83..ctr',,,,,,,,,,,,,,,
73,A5C,6/29/17,20170629_001435.ctr',T1C,7/5/17,sel.13.T1C.2017.07.ctr',,,,,,,,,,,,,,,
74,T1C,7/1/17,sel.66.T1C.2017.07.ctr,T1C,8/11/18,'T1C.08.ch01.180811.193730.80..ctr',,,,,,,,,,,,,,,
75,T1C,7/1/17,sel.41.T1C.2017.07.ctr,T1C,9/21/18,'T1C.04.ch01.180921.093044.31..ctr',,,,,,,,,,,,,,,
76,T1C,7/1/17,sel.64.T1C.2017.07.ctr',Pot,8/6/19,Pot.01.190806.050623.25.ctr',,,,,,,,,,,,,,,
77,T1C,7/2/17,sel.88.T1C.2017.07.ctr,T1C,7/15/17,'sel.280.T1C.2017.07.ctr',,,,,,,,,,,,,,,
78,A5C,7/2/17,20170702_210806.ctr,T1C,8/8/18,'T1C.01.ch01.180808.120647.03..ctr',,,,,,,,,,,,,,,
79,T1C,7/5/17,sel.37.T1C.2017.07.ctr,T1C,8/1/17,sel.02_T1C_201708.ctr',,,,,,,,,,,,,,,
80,T1C,7/5/17,sel.18.T1C.2017.07.ctr,T1C,8/11/18,'T1C.01.ch01.180811.180350.90..ctr',T1C,8/21/18,'T1C.04.ch01.180821.063127.14..ctr',,,,,,,,,,,,
81,T1C,7/5/17,sel.117.T1C.2017.07.ctr,T1C,9/7/18,'T1C.03.ch01.180907.151529.41..ctr',,,,,,,,,,,,,,,
82,T1C,7/5/17,sel.24.T1C.2017.07.ctr,A5C,10/12/18,A5C.01.ch01.181012.023356.49..ctr',,,,,,,,,,,,,,,
83,T1C,7/11/17,sel.214.T1C.2017.07.ctr,T1C,7/13/17,sel.458.T1C.2017.07.ctr',A5C,11/19/18,A5C.06.ch01.181119.000349.00..ctr',,,,,,,,,,,,
84,T1C,7/11/17,sel.207.T1C.2017.07.ctr,T1C,7/18/17,sel.353.T1C.2017.07.ctr',,,,,,,,,,,,,,,
85,T1C,7/12/17,sel.226.T1C.2017.07.ctr,T1C,7/13/17,sel.258.T1C.2017.07.ctr',,,,,,,,,,,,,,,
86,T1C,7/12/17,sel.240.T1C.2017.07.ctr,T1C,7/27/18,'T1C.18.ch01.180727.062319.56..ctr',,,,,,,,,,,,,,,
87,A5C,7/12/17,20170712_171703.ctr,A5C,8/4/18,'A5C.01.ch01.180804.003407.72..ctr',,,,,,,,,,,,,,,
88,T1C,7/12/17,sel.260.T1C.2017.07.ctr,T1C,9/25/18,'T1C.02.ch01.180925.121920.17..ctr',,,,,,,,,,,,,,,
89,T1C,7/14/17,sel.265.T1C.2017.07.ctr,A5C,7/30/18,A5C.03.ch01.180730.021848.45..ctr',,,,,,,,,,,,,,,
90,T1C,7/17/17,sel.307.T1C.2017.07.ctr,T1C,7/25/18,'T1C.13.ch01.180725.061916.32..ctr',,,,,,,,,,,,,,,
91,T1C,7/17/17,sel.310.T1C.2017.07.ctr,T1C,10/12/18,'T1C.01.ch01.181012.141931.53..ctr',,,,,,,,,,,,,,,
92,T1C ,7/17/17,sel.330.T1C.2017.07.ctr,Pot,8/14/19,Pot.01.190814.082535.58.ctr',,,,,,,,,,,,,,,
93,T1C,7/18/17,sel.351.T1C.2017.07.ctr,A5C,7/27/18,A5C.02.ch01.180727.063400,T1C,9/23/18,T1C.02.ch01.180923.081801.51..ctr',A5C,11/30/18,A5C.01.ch01.181130.220411.29..ctr',,,,,,,,,
94,T1C,7/19/17,sel.400.T1C.2017.07.ctr,T1C,8/3/17,'sel.108_T1C_201708.ctr',,,,,,,,,,,,,,,
95,T1C,7/19/17,sel.388.T1C.2017.07.ctr,A5C,11/5/18,A5C.03.ch01.181105.200425.74..ctr',,,,,,,,,,,,,,,
96,T1C,7/20/17,sel.426.T1C.2017.07.ctr,Pot,6/28/19,Pot.02.190628.153609.11.ctr',,,,,,,,,,,,,,,
97,T1C,7/23/17,sel.481.T1C.2017.07,T1C,7/26/18,'T1C.20.ch01.180726.062125.43..ctr',,,,,,,,,,,,,,,
98,T1C,7/23/17,sel.476.T1C.2017.07.ctr,T1C,8/16/18,'T1C.02.ch01.180816.091311.31..ctr',T1C,9/6/18,'T1C.01.ch01.180906.183227.49..ctr',,,,,,,,,,,,
99,T1C,7/23/17,sel.459.T1C.2017.07.ctr,Pot,6/26/19,Pot.02.190626.120549.18.ctr',,,,,,,,,,,,,,,
100,A5C,7/30/17,20170730_231150.ctr,A5C,8/16/17,20170816_171553.ctr,,,,,,,,,,,,,,,
101,A5C,7/30/17,20170730_231346.ctr,Rhode River,6/25/18,rr.29.ch01.180625.155832,,,,,,,,,,,,,,,
102,A5C,7/30/17,20170730_231355.ctr,A5C,7/31/18,'A5C.01.ch01.180731.003027.30..ctr',T3C,8/13/18,T3C.01.180720.032009.78.ctr,,,,,,,,,,,,
103,A5C,7/30/17,20170730_231405.ctr,T1C,8/6/18,'T1C.01.ch01.180806.160154.79..ctr',,,,,,,,,,,,,,,
104,T1C,8/1/17,sel.74_T1C_201708.ctr,A5C,9/25/18,A5C.02.ch01.180925.190307.40..ctr',,,,,,,,,,,,,,,
105,T1C,8/1/17,sel.52_T1C_201708.ctr,A5C,11/26/18,A5C.03.ch01.181126.020309.77..ctr',,,,,,,,,,,,,,,
106,T1C,8/1/17,sel.10_T1C_201708.ctr,A5C,11/30/18,A5C.01.ch01.181130.164538.35..ctr',,,,,,,,,,,,,,,
107,T1C,8/2/17,sel.84_T1C_201708.ctr,A5C,7/25/18,A5C.02.ch01.180725.221748.07..ctr',Pot,6/13/19,Pot.01.190613.190644.13.ctr',,,,,,,,,,,,
108,T1C,8/2/17,sel.103_T1C_201708.ctr,Pot,6/2/19,Pot.01.190602.083606.85.ctr',A5C,7/24/18,A5C.01.ch01.180724.231510.06..ctr',,,,,,,,,,,,
109,T1C,8/8/17,sel.136_T1C_201708.ctr,A5C,7/29/18,A5C.01.ch01.180729.210325.06..ctr',,,,,,,,,,,,,,,
110,T1C,8/9/17,sel.138_T1C_201708.ctr,T1C,8/26/17,'sel.178_T1C_201708.ctr',,,,,,,,,,,,,,,
111,T1C,8/17/17,sel.161_T1C_201708.ctr,A5C,7/30/18,A5C.02.ch01.180730.023252.55..ctr',T1C,8/23/18,T1C.10.ch01.180823.222141.51,T1C,9/23/18,T1C.02.ch01.180923.080208.16,T1C,9/30/18,'T1C.03.ch01.180930.224957.13..ctr',,,,,,
112,T1C,8/19/17,sel.26_T1C_201708.ctr,T1C,7/27/18,T1C.19.ch01.180727.062339.59..wav,,,,,,,,,,,,,,,
113,T1C,6/17/18,20170614.204408.68..sel.224wav.ctr,T1C,9/26/18,'T1C.01.ch01.180926.114825.62..ctr',,,,,,,,,,,,,,,
114,Rhode River,6/23/18,rr.01.ch01.180623.021504.19..ctr,Rhode River,6/25/18,rr.03.ch01.180625.152140.16..ctr,,,,,,,,,,,,,,,
115,Rhode River,6/25/18,rr.29.ch01.180625.155832.99..ctr,Pot,8/3/19,Pot.01.190803.162513.83.ctr',,,,,,,,,,,,,,,
116,Rhode River,6/25/18,rr.01.ch01.180625.152047.75..ctr,Pot,6/2/19,Pot.02.190602.205500.45.ctr',,,,,,,,,,,,,,,
117,Rhode River,6/25/18,rr.19.ch01.180625.155459.54..ctr,Pot,8/7/19,Pot.02.190807.080555.41.ctr',,,,,,,,,,,,,,,
118,Rhode River,7/9/18,rr.21.180709.052612.ctr,Pot,8/7/19,Pot.06.190807.075624.99.ctr',Pot,8/10/19,Pot.01.190810.040554.75.ctr,,,,,,,,,,,,
119,Rhode River,7/10/18,rr.29.025623.ctr,Rhode River,7/14/18,rr.42.021142.ctr,,,,,,,,,,,,,,,
120,T1C,7/12/18,T1C.04.ch01.180712.184414.28.(2).ctr,T1C,7/31/18,'T1C.09.ch01.180731.100940.00..ctr',,,,,,,,,,,,,,,
121,T1C,7/12/18,T1C.02.ch01.180712.174956.05.(2).ctr,T1C,8/21/18,'T1C.03.ch01.180821.063042.02..ctr',,,,,,,,,,,,,,,
122,A5C,7/14/18,A5CKS.03.ch01.180714.014820.01..ctr,A5C,12/2/18,A5C.11.ch01.181202.091945.26..ctr',,,,,,,,,,,,,,,
123,T1C,7/16/18,T1C.01.ch01.180716.180009.36..ctr,A5C,8/14/18,A5C.02.ch01.180814.200401.49..ctr',T1C,9/21/18,T1C.01.ch01.180921.183117.83..ctr',,,,,,,,,,,,
124,T1C,7/17/18,sel.304.T1C.2017.07.ctr,T1C,7/19/18,sel.402.T1C.2017.07.ctr',,,,,,,,,,,,,,,
125,T1C,7/24/18,T1C.05.ch01.180724.105512.99..ctr,T1C,8/18/18,'T1C.13.ch01.180818.122345.08..ctr',,,,,,,,,,,,,,,
126,T1C,7/25/18,T1C.11.ch01.180725.061542.92..ctr,T1C,8/19/18,T1C.04.ch01.180819.020237.85..ctr',,,,,,,,,,,,,,,
127,T1C,7/25/18,T1C.08.ch01.180725.061435.68..ctr,T1C,9/3/18,T1C.02.ch01.180903.213111.51..ctr',,,,,,,,,,,,,,,
128,T1C,7/26/18,T1C.19.ch01.180726.061800.85..ctr,Pot,8/5/19,Pot.02.190805.025543.92.ctr',,,,,,,,,,,,,,,
129,T3C,7/26/18,T3C.01.180702.091023.67.ctr,A5C,12/2/18,A5C.02.ch01.181202.093128.32..ctr,,,,,,,,,,,,,,,
130,T1C,7/27/18,T1C.15.ch01.180727.062027.30..ctr,T1C,8/28/18,'T1C.04.ch01.180828.095446.45..ctr',,,,,,,,,,,,,,,
131,T1C,7/27/18,T1C.20.ch01.180727.062653.44..ctr,T1C,9/5/18,'T1C.01.ch01.180905.003006.80..ctr',,,,,,,,,,,,,,,
132,T1C,7/27/18,T1C.08.ch01.180727.050810.20..ctr,Pot,6/23/19,Pot.03.190613.193627.36.ctr',,,,,,,,,,,,,,,
133,A5C,7/30/18,A5C.02.ch01.180730.021741.57..ctr,Pot,8/7/19,Pot.01.190807.021550.41.ctr',,,,,,,,,,,,,,,
134,T1C,7/31/18,T1C.06.ch01.180731.100512.51..ctr,T1C,8/7/18,'T1C.06.ch01.180807.133652.35..ctr',,,,,,,,,,,,,,,
135,T3C,8/4/18,T3C.01.180711.131003.98.ctr,T3C,9/6/18,T3C.01.180813.225048.86.ctr,,,,,,,,,,,,,,,
136,T1C,8/7/18,'T1C.01.ch01.180807.130000.27.(2).ctr',A5C,9/1/18,A5C.01.ch01.180901.134553.82..ctr',,,,,,,,,,,,,,,
137,T1C,8/9/18,T1C.10.ch01.180809.231906.49..ctr,T1C,8/23/18,T1C.13.ch01.180823.223010.20..ctr,,,,,,,,,,,,,,,
138,T3C ,8/9/18,T3C.02.180716.083035.21.ctr,T3C,8/14/18,T3C.02.180721.082010.45.ctr,,,,,,,,,,,,,,,
139,T1C,8/10/18,T1C.14.ch01.180810.074844.08..ctr',T1C,9/7/18,T1C.01.ch01.180907.150220.77..ctr',,,,,,,,,,,,,,,
140,T1C,8/12/18,T1C.08.ch01.180812.181012.45..ctr,T1C,8/22/18,T1C.07.ch01.180822.111420.08..ctr,,,,,,,,,,,,,,,
141,T1C,8/14/18,T1C.01.ch01.180814.070353.58..ctr',A5C,12/3/18,A5C.01.ch01.181203.034604.79..ctr',,,,,,,,,,,,,,,
142,T1C,8/16/18,T1C.05.ch01.180816.091708.47..ctr',Pot,9/16/19,Pot.01.190916.054002.26.ctr',,,,,,,,,,,,,,,
143,T1C,8/18/18,'T1C.15.ch01.180818.123633.99..ctr',T1C,10/8/18,'T1C.04.ch01.181008.074700.45..ctr',,,,,,,,,,,,,,,
144,T1C,8/20/18,'T1C.02.ch01.180820.111149.42..ctr',T1C,9/4/18,'T1C.03.ch01.180904.070222.41..ctr',,,,,,,,,,,,,,,
145,T1C,8/22/18,T1C.09.ch01.180822.140305.98..ctr',Pot,9/11/19,Pot.03.190911.042102.62.ctr',,,,,,,,,,,,,,,
146,T1C,8/23/18,T1C.01.ch01.180823.220051.85..ctr',Pot ,6/26/19,Pot.01.190626.132556.98.ctr',,,,,,,,,,,,,,,
147,T1C,8/24/18,T1C.03.ch01.180824.080807.53.(2).ctr,T1C,9/3/18,'T1C.02.ch01.180903.214615.60..ctr',,,,,,,,,,,,,,,
148,T1C,8/30/18,T1C.02.ch01.180830.051620.89..ctr',T1C,9/23/18,T1C.13.ch01.180923.083336.37..ctr',,,,,,,,,,,,,,,
149,T1C,8/31/18,T1C.02.ch01.180831.000157.53..ctr',T1C,10/3/18,T1C.09.ch01.181003.083835.37..ctr',,,,,,,,,,,,,,,
150,T1C,9/3/18,'T1C.03.ch01.180903.214719.07..ctr',T1C,9/7/18,'T1C.04.ch01.180907.024829.84..ctr',,,,,,,,,,,,,,,
151,T1C,9/3/18,T1C.01.ch01.180903.210042.24..ctr',T1C,10/9/18,T1C.01.ch01.181009.110609.51..ctr',,,,,,,,,,,,,,,
152,T1C,9/4/18,T1C.02.ch01.180904.233004.26..ctr',T1C,9/7/18,T1C.04.ch01.180907.151531.49..ctr',,,,,,,,,,,,,,,
153,T1C,9/5/18,T1C.04.ch01.180905.000305.02..ctr',Pot,9/16/19,Pot.03.190916.055129.21.ctr',A5C ,7/30/18,A5C.01.ch01.180730.024507.32..ctr',,,,,,,,,,,,
154,T1C,9/7/18,T1C.03.ch01.180907.023219.26..ctr',T1C,9/30/18,T1C.01.ch01.180930.224546.62..ctr',,,,,,,,,,,,,,,
155,T3C,9/8/18,T3C.01.180815.025015.82.ctr,T3C,9/11/18,T3C.01.180818.034007.93.ctr,,,,,,,,,,,,,,,
156,T1C,9/16/18,T1C.01.ch01.180916.120259.85..ctr',A5C,9/20/18,A5C.02.ch01.180920.194935.75..ctr',,,,,,,,,,,,,,,
157,T1C,9/20/18,T1C.01.ch01.180920.084520.63..ctr,T1C,9/23/18,T1C.02.ch01.180923.130017.11..ctr,,,,,,,,,,,,,,,
158,T1C,9/20/18,T1C.01.ch01.180920.084520.63..ctr',Pot,9/8/19,Pot.01.190908.053005.95.ctr',,,,,,,,,,,,,,,
159,T1C,9/21/18,T1C.09.ch01.180921.093259.85..ctr,T1C,9/22/18,T1C.01.ch01.180922.124730.41..ctr,,,,,,,,,,,,,,,
160,T1C,9/21/18,T1C.07.ch01.180921.093207.89..ctr,T1C,9/27/18,T1C.01.ch01.180927.084508.86..ctr,,,,,,,,,,,,,,,
161,T1C,9/21/18,T1C.10.ch01.180921.093315.64..ctr',T1C,9/28/18,T1C.04.ch01.180928.174858.60..ctr',,,,,,,,,,,,,,,
162,T3C,9/21/18,T3C.01.180828.141049.89.ctr,T1C,9/28/18,T1C.06.ch01.180928.174933.59..ctr,,,,,,,,,,,,,,,
163,T1C,9/22/18,T1C.01.ch01.180922.091524.46..ctr',Pot,7/3/19,Pot.03.190703.233511.65.ctr',,,,,,,,,,,,,,,
164,T1C,9/22/18,T1C.02.ch01.180922.091530.39..ctr',Pot,6/11/19,Pot.01.190611.115548.02.ctr',,,,,,,,,,,,,,,
165,T1C,9/23/18,T1C.05.ch01.180923.083142.23..ctr,T1C,9/29/18,T1C.02.ch01.180929.004726.31..ctr,,,,,,,,,,,,,,,
166,T1C,9/23/18,T1C.06.ch01.180923.131747.56..ctr',T1C,9/29/18,T1C.02.ch01.180929.194558.63..ctr',,,,,,,,,,,,,,,
167,T1C,9/23/18,T1C.05.ch01.180923.131744.70..ctr',Pot,8/6/19,Pot.02.190806.055537.12.ctr',,,,,,,,,,,,,,,
168,T1C,9/23/18,T1C.06.ch01.180923.130236.69..ctr',Pot,6/29/19,Pot.01.190629.031557.73.ctr',,,,,,,,,,,,,,,
169,T1C,9/23/18,T1C.02.ch01.180923.133146.86..ctr',Pot,8/7/19,Pot.02.190807.012622.64.ctr',,,,,,,,,,,,,,,
170,T1C,9/25/18,T1C.01.ch01.180925.121732.48..ctr',Pot,8/14/19,Pot04.190814.021553.00.ctr',,,,,,,,,,,,,,,
171,A5C,9/27/18,A5C.01.ch01.180927.220006.51..ctr',A5C,10/12/18,A5C.02.ch01.181012.021852.36..ctr',,,,,,,,,,,,,,,
172,T1C,9/28/18,T1C.02.ch01.180928.174532.42..ctr,T1C,9/30/18,T1C.03.ch01.180930.223328.35..ctr,,,,,,,,,,,,,,,
173,T1C,9/28/18,T1C.03.ch01.180928.173053.95..ctr',Pot,9/11/19,Pot.03.190911.034105.43.ctr',,,,,,,,,,,,,,,
174,T1C,10/7/18,T1C.01.ch01.181007.100409.25..ctr,T1C,10/8/18,T1C.06.ch01.181008.075537.72..ctr,,,,,,,,,,,,,,,
175,A5C,11/18/18,A5C.02.ch01.181118.160233.79..ctr',A5C,12/2/18,A5C.01.181202.090039.22..ctr,A5C,12/3/18,A5C.01.ch01.181203.000319.99..ctr',,,,,,,,,,,,
176,A5C,11/18/18,A5C.03.ch01.181118.160453.96..ctr',Rhode River,6/23/18,rr.02.ch01.180623.013615.49..ctr',,,,,,,,,,,,,,,
177,A5C,11/19/18,A5C.02.ch01.181119.000034.83..ctr',A5C,11/30/18,A5C.04.ch01.181130.181713.75..ctr',,,,,,,,,,,,,,,
178,A5C,11/26/18,A5C.01.ch01.181126.031518.38..ctr',A5C,11/30/18,A5C.01.ch01.181130.211723.99. wav but A5C.02.ch01.181130.212223.97..ctr,A5C,12/2/18,A5C.02.ch01.181202.080134.73..ctr',,,,,,,,,,,,
179,Pot,6/2/19,Pot.03.190602.090611.86.ctr,Pot,6/28/19,Pot.01.190628.122652.59.ctr,,,,,,,,,,,,,,,
180,Pot,6/2/19,Pot.01.190602.084504.24.ctr,Pot ,8/3/19,Pot.02.190803.150541.02.ctr,Pot,9/16/19,Pot.02.190916.054016.76.ctr,,,,,,,,,,,,
181,Pot,6/2/19,Pot.03.190602.084523.36.ctr,Pot,9/16/19,Pot.02.190916.061137.46.ctr,,,,,,,,,,,,,,,
182,Pot,6/11/19,Pot.03.190611.182520.38.ctr,Pot,6/28/19,Pot.02.190628.171618.64.ctr,,,,,,,,,,,,,,,
183,Pot,6/11/19,Pot.01.190611.000552.53.ctr,Pot,6/13/19,Pot.01.190613.193529.46.ctr,Pot,7/4/19,Pot.01.190704.002506.71.ctr,Pot,8/8/19,Pot.01.190808.190652.88.ctr,,,,,,,,,
184,Pot,6/11/19,Pot.01.190611.200609.96.ctr,Pot,9/16/19,Pot.03.190916.064158.16.ctr,,,,,,,,,,,,,,,
185,Pot,6/18/19,Pot.01.190618.131651.12.ctr,Pot,8/8/19,Pot.03.190808.085604.71.ctr,,,,,,,,,,,,,,,
186,Pot,6/19/19,Pot.01.190619.152512.56.ctr,Pot,6/30/19,Pot.03.190630.174639.23.ctr,,,,,,,,,,,,,,,
187,Pot,6/19/19,Pot.01.190619.153613.06.ctr,Pot,8/5/19,Pot.03.190805.035549.57.ctr,,,,,,,,,,,,,,,
188,Pot,6/20/19,Pot.01.190629.072643.31.ctr,Pot,8/10/19,Pot.02.190810.040623.90.ctr,,,,,,,,,,,,,,,
189,Pot,6/23/19,Pot.01.190623.175635.97.ctr,Pot,6/28/19,Pot.03.190628.125657.17.ctr,,,,,,,,,,,,,,,
190,Pot,6/27/19,Pot.01.190627.084639.52.ctr,Pot,8/7/19,Pot.03.190807.021646.22.ctr,,,,,,,,,,,,,,,
191,Pot,6/28/19,Pot.01.190628.131623.61.ctr,Pot,8/3/19,Pot.02.190803.122642.52.ctr,,,,,,,,,,,,,,,
192,Pot,7/3/19,Pot.04.190703.233523.56.ctr,Pot,9/11/19,Pot.01.190911.045103.74.ctr,,,,,,,,,,,,,,,
193,Pot,7/4/19,Pot.01.190704.034603.09.ctr,Pot,9/11/19,Pot.03.190911.034105.43.ctr,,,,,,,,,,,,,,,
194,Pot,8/3/19,Pot.02.190803.232610.47.ctr,Pot,8/14/19,Pot02.190814.025608.35.ctr,,,,,,,,,,,,,,,
195,Pot,8/5/19,Pot.01.190805.021618.94.ctr,Pot,8/7/19,Pot.02.190807.004531.34.ctr,,,,,,,,,,,,,,,
196,Pot,8/5/19,Pot.01.190805.173633.79.ctr,Pot,8/14/19,Pot02.190814.014554.73.ctr,,,,,,,,,,,,,,,
197,Pot,8/7/19,Pot.01.190807.075549.72.ctr,Pot,8/14/19,Pot02.190814.015629.23.ctr,,,,,,,,,,,,,,,
198,Pot,8/7/19,Pot.02.190807.021552.13.ctr,Pot,8/14/19,Pot02.190814.022624.66.ctr,,,,,,,,,,,,,,,
199,Pot,9/8/19,Pot.01.190908.050029.17.ctr,Pot,9/14/19,Pot.01.190914.223055.35.ctr,,,,,,,,,,,,,,,
200,Pot ,9/11/19,Pot.04.190911.035142.63.ctr,Pot ,9/16/19,Pot.01.190916.050000.07.ctr,,,,,,,,,,,,,,,
201,Pot,9/11/19,Pot.01.190611.122507.11.ctr,Pot ,6/13/19,Pot.01.190613.190644.13.ctr,,,,,,,,,,,,,,,